"","lon","lat"
"1",141.40982,-34.38819
"2",141.43391,-34.41786
"3",141.61473,-34.53924
"4",142.00226,-35.46219
"5",141.54126,-34.49327
"6",141.43333,-34.41667
"7",141.75774,-36.78462
"8",141.44267,-34.42956
"9",142.68106,-34.75354
"10",141.44151,-34.45708
"11",141.38919,-34.39637
"12",141.34057,-34.37021
"13",141.62282,-34.50682
"14",141.55082,-34.50833
"15",141.95538,-35.47621
"16",141.41322,-34.3886
"17",141.89265,-35.44718
"18",141.379447,-34.395321
"19",142.24261,-34.28337
"20",142.08467,-35.66446
"21",141.34511,-34.26033
"22",142.34971,-37.49832
"23",141.99661,-35.44406
"24",141.400615,-34.399402
"25",141.43176,-34.42418
"26",141.38311,-34.38093
"27",141.99632,-35.44489
"28",141.43971,-34.40972
"29",142.14979,-35.19501
"30",141.392765,-34.39113
"31",142.24364,-34.27975
"32",141.41205,-34.3999
"33",142.18196,-35.1406
"34",142.19597,-35.34784
"35",142.0316,-35.14288
"36",141.43388,-34.42694
"37",141.93282,-35.43131
"38",142.19521,-35.34402
"39",142.1769,-35.16745
"40",141.53346,-34.50044
"41",141.41314,-34.399
"42",141.91189,-35.43147
"43",141.96719,-35.35801
"44",141.55965,-34.50753
"45",142.27264,-34.68794
"46",141.45156,-34.41582
"47",141.5524,-34.50724
"48",141.19055,-35.24889
"49",141.39894,-34.38822
"50",141.4066,-34.39812
"51",141.92119,-35.3773
"52",141.4426,-34.41513
"53",141.59867,-34.17367
"54",141.56521,-34.49903
"55",141.43171,-34.41517
"56",141.51941,-34.54559
"57",141.54508,-34.49328
"58",141.5629,-34.50481
"59",141.91089,-35.44049
"60",140.9639,-34.16882
"61",141.55999,-34.50647
"62",141.44575,-34.41602
"63",141.55833,-34.5
"64",141.60569,-34.39639
"65",141.42196,-34.40243
"66",141.50741,-34.46574
"67",141.45173,-34.41582
"68",141.99861,-35.46389
"69",141.44214,-34.40711
"70",141.44269,-34.43316
"71",146.3872,-38.36116
"72",141.552,-34.50486
"73",141.99935,-35.46684
"74",141.55856,-34.50754
"75",141.43457,-34.42637
"76",141.34993,-34.36043
"77",141.99716,-35.45767
"78",142.03105,-35.14072
"79",142.1608,-35.19671
"80",141.60374,-34.5416
"81",142.24159,-34.28789
"82",142.05048,-35.58452
"83",141.99862,-35.45589
"84",141.99913,-35.44881
"85",141.99902,-35.4398
"86",142.0283,-35.142
"87",142.0313,-35.1447
"88",142,-35.45
"89",141.45194,-34.33122
"90",141.44028,-34.4301
"91",141.33574,-34.36046
"92",141.89257,-34.77338
"93",141.40418,-34.3888
"94",141.52012,-34.54558
"95",141.4,-34.39167
"96",142.00389,-35.44611
"97",141.54106,-34.4959
"98",141.44585,-34.41331
"99",141.81066,-35.113
"100",141.83027,-34.63806
"101",141.397045,-34.399034
"102",145.687704,-28.076096
"103",141.407409,-34.401001
"104",152.630364,-30.496593
"105",142.239625,-33.340006
"106",141.167111,-33.215917
"107",142.225258,-33.338408
"108",150.757492,-34.095421
"109",152.638745,-30.48188
"110",142.25128,-33.350288
"111",152.630372,-30.49449
"112",152.711664,-30.468598
"113",142.157941,-33.408266
"114",142.168816,-33.404449
"115",152.609821,-30.495089
"116",141.679703,-33.190178
"117",142.482749,-33.382858
"118",141.99578,-35.44598
"119",142.224736,-33.34718
"120",152.639987,-30.481315
"121",143.398917,-33.938132
"122",140.12434,-33.76166
"123",142.162743,-35.178579
"124",143.353217,-33.882409
"125",143.399081,-33.92615
"126",145.60875,-27.98764
"127",140.03337,-33.77101
"128",143.391486,-33.913757
"129",140.14,-33.78138
"130",141.425457,-34.411173
"131",141.405985,-34.40021
"132",117.685633,-29.264612
"133",142.04841,-35.58668
"134",134.06292,-23.995
"135",117.768197,-28.562691
"136",145.578384,-27.959194
"137",145.57993,-27.963234
"138",145.609295,-27.989494
"139",143.348397,-33.873547
"140",139.96916,-33.97888
"141",142.08674,-35.581708
"142",145.610559,-27.988544
"143",140.20506,-33.70014
"144",140.161006,-33.75475
"145",141.790639,-33.701126
"146",140.2,-33.8
"147",140.159594,-33.763371
"148",144.962501,-28.287814
"149",147.06768,-26.489626
"150",142.236647,-35.461606
"151",141.88783,-35.54367
"152",147.06024,-26.48409
"153",147.051482,-27.985803
"154",133.430843,-24.358982
"155",120.721389,-27.440556
"156",147.976667,-29.463327
"157",145.04222,-31.57667
"158",145.551944,-27.973056
"159",145.57831,-27.97957
"160",148.93666,-27.96888
"161",118.419694,-27.858979
"162",145.52675,-27.9825
"163",143.056345,-24.821703
"164",145.54611,-27.98249
"165",142.225322,-33.338407
"166",117.130278,-28.29981
"167",145.602706,-27.986977
"168",143.21249,-25.34415
"169",145.59863,-27.94171
"170",145.1952,-28.1171
"171",145.530064,-27.996328
"172",133.980421,-23.863065
"173",140.15306,-33.76
"174",141.403412,-34.398878
"175",142.239232,-33.340305
"176",145.55894,-27.975697
"177",141.98327,-35.453856
"178",149.5588,-37.319692
"179",140.80627,-33.32593
"180",141.54914,-34.503138
"181",140.91667,-33.75
"182",145.641718,-27.98962
"183",117.78019,-28.55622
"184",141.579645,-32.011617
"185",118.617268,-28.011402
"186",148.874603,-27.981864
"187",142.62213,-34.208856
"188",145.970848,-32.898978
"189",134.038101,-23.928494
"190",148.243115,-25.066168
"191",141.34893,-34.36828
"192",145.955643,-32.885271
"193",142.01727,-35.62882
"194",134.726974,-33.160441
"195",140.783945,-34.066321
"196",145.603738,-27.944755
"197",145.503037,-27.954773
"198",141.59698,-34.38706
"199",131.024572,-25.3415
"200",133.67111,-23.66333
"201",141.439147,-34.423209
"202",133.902789,-23.802397
"203",133.979446,-23.861046
"204",140.13736,-33.77034
"205",133.98622,-23.86567
"206",133.982237,-23.863174
"207",134.05826,-23.98303
"208",117.3675,-28.193889
"209",142.06575,-35.57482
"210",133.995223,-23.873261
"211",148.944057,-30.650616
"212",145.84,-32.942
"214",151.31023,-33.72549
"215",142.3114,-32.53292
"216",146.232222,-30.196111
"217",143.968964,-26.633726
"218",145.275736,-23.798696
"219",133.714557,-23.958489
"220",133.879046,-23.789566
"221",146.215711,-26.383489
"222",134.078742,-24.014649
"223",145.91058,-30.51804
"224",145.61656,-27.9944
"225",133.773155,-23.896753
"226",145.71472,-30.51778
"227",145.52558,-27.94497
"228",117.60897,-28.650555
"229",144.903402,-30.281921
"230",143.143777,-25.175602
"231",144.135003,-25.52974
"232",146.858883,-26.353113
"233",144.17801,-25.557329
"234",120.851,-30.461
"235",141.44052,-34.418452
"236",133.780303,-23.889698
"237",134.070368,-24.002001
"238",145.713854,-30.502632
"239",133.980031,-23.862565
"240",146.26647,-34.21861
"241",120.828112,-30.465441
"242",151.122247,-33.746916
"243",142.240774,-33.340689
"244",140.08555,-33.73583
"245",140.212664,-33.705643
"246",142.276289,-33.383521
"247",144.60149,-28.1176
"248",128.303056,-25.043333
"249",133.979833,-23.861916
"250",142.22684,-33.338636
"251",117.749,-28.5894
"252",145.69162,-28.062082
"253",141.335567,-34.365155
"254",117.767108,-28.562059
"255",141.407263,-34.399706
"256",144.19475,-26.64159
"257",145.714669,-30.519871
"258",145.59523,-30.55733
"259",141.030089,-34.27489
"260",133.94041,-23.81176
"261",140.71055,-33.96277
"262",134.076255,-24.010739
"263",133.991332,-23.869722
"264",140.149155,-33.749625
"265",133.813813,-23.873622
"266",145.688978,-30.57651
"267",142.30131,-34.68529
"268",133.87796,-23.7909
"269",145.535889,-27.959445
"270",141.417155,-34.403355
"271",134.35541,-24.22176
"272",142.231228,-33.351841
"273",142.11551,-33.432908
"274",142.177932,-33.405084
"275",142.202447,-33.388506
"276",145.970385,-32.89945
"277",142.202465,-33.388552
"278",142.190842,-33.389764
"279",142.168707,-33.404498
"280",142.177773,-33.405459
"281",142.190646,-33.389562
"282",139.16656,-30.51325
"283",138.609,-31.44272
"284",140.153119,-33.759886
"285",140.1397,-33.70444
"286",140.125,-33.74556
"287",140.211141,-33.733622
"288",121.107776,-27.720675
"289",140.130829,-33.760779
"290",117.773373,-29.24372
"291",146.0044,-27.14778
"292",140.175,-33.70333
"293",145.528593,-27.975832
"294",120.9728,-30.53778
"295",141.167626,-33.216218
"296",133.835235,-23.82491
"297",140.130958,-33.759364
"298",140.12631,-33.76426
"299",150.062735,-33.381802
"300",118.02224,-27.98534
"301",133.419807,-24.373532
"302",145.544074,-27.950608
"303",142.186727,-35.383697
"304",142.213882,-33.3856
"305",120.649087,-27.402385
"306",142.157915,-33.408267
"307",145.453576,-33.974329
"308",144.959515,-31.596757
"309",145.53897,-27.97984
"310",140.20973,-33.90571
"311",138.639972,-31.528228
"312",134.56666,-24.28916
"313",133.978593,-23.861343
"314",133.978498,-23.861315
"315",117.837129,-28.423556
"316",133.773288,-23.896919
"317",144.11742,-28.671314
"318",132.978056,-23.751575
"319",139.974547,-34.174303
"320",152.373557,-28.908223
"321",141.989708,-34.915778
"322",141.428812,-34.410564
"323",133.87007,-23.73749
"324",150.551196,-35.088293
"325",150.02708,-33.292401
"326",150.0294,-33.280998
"327",150.027836,-33.289057
"328",150.049661,-33.307472
"329",151.534926,-33.017655
"330",150.01874,-33.286197
"331",150.029911,-33.294299
"332",142.418011,-34.203087
"333",142.335144,-34.256387
"334",145.5178,-37.98833
"335",139.7167,-33.40944
"336",142.379572,-34.223209
"337",142.347295,-34.261503
"338",142.481977,-34.248259
"339",145.25161,-31.8654
"340",142.357538,-34.255187
"341",145.85897,-31.514223
"342",140.1214,-33.745
"343",141.191776,-33.172315
"344",141.176774,-33.147198
"345",143.160701,-33.8133
"346",143.140227,-33.797251
"347",141.067188,-33.11956
"348",141.120415,-33.107595
"349",141.088443,-33.245667
"350",145.2567,-31.84222
"351",143.394375,-31.567347
"352",142.124582,-33.414851
"353",145.5894,-31.60333
"354",151.564192,-32.982443
"355",140.149232,-33.749643
"356",145.59631,-28.04653
"357",145.6882,-30.59603
"358",138.5542,-35.36639
"359",140.04982,-33.81946
"360",143.7128,-31.68806
"361",142.237899,-33.3737
"362",138.7406,-35.41
"363",142.788937,-34.52708
"364",145.3022,-30.85028
"365",133.7753,-23.91333
"366",119.55534,-27.5491
"367",119.57724,-27.53465
"368",119.53724,-27.5716
"369",119.52424,-27.58299
"370",119.50114,-27.65104
"371",141.971383,-35.414796
"372",141.41666,-34.41666
"373",119.58584,-27.5166
"374",119.51894,-27.60743
"375",119.54364,-27.56799
"376",120.65284,-27.40075
"377",145.5519,-27.97306
"378",141.3333,-34.37083
"379",140.9389,-33.76694
"380",146.558889,-30.845278
"381",140.018091,-33.761712
"382",147.476177,-28.02941
"383",145.5375,-27.94861
"384",150.636399,-33.550945
"385",145.5353,-27.97944
"386",140.5633,-33.22361
"387",140.2622,-33.09972
"388",140.0339,-33.77028
"389",140.049749,-33.819519
"390",140.1642,-33.70139
"391",118.202778,-28.908611
"392",145.574032,-28.014074
"393",134.08333,-23.91666
"394",142.394024,-33.058948
"395",145.715,-30.51806
"396",140.202997,-33.705857
"397",139.9981,-33.75194
"398",151.55167,-33.099638
"399",142.13905,-35.19821
"400",141.116594,-33.205555
"401",146.236997,-34.144071
"402",140.2036,-33.70611
"403",145.461436,-30.109297
"404",145.490146,-30.181208
"405",145.4216,-30.1181
"406",145.5848,-27.9633
"407",141.24427,-33.296697
"408",149.10989,-31.02302
"409",117.7831,-29.48472
"410",141.154072,-33.103271
"411",141.161582,-33.212344
"412",140.057316,-33.888061
"413",117.7731,-29.2435
"414",117.79792,-28.56874
"415",117.89077,-28.5411
"416",140.0769,-33.18583
"417",144.93164,-37.81412
"418",138.7083,-35.07345
"419",141.324356,-33.43362
"420",143.591995,-30.761899
"421",140.10166,-33.81142
"422",145.78324,-30.51427
"423",147.7256,-37.64389
"424",143.5697,-38.63611
"425",133.7769,-23.91333
"426",143.75491,-24.94577
"427",145.04777,-28.161611
"428",133.76252,-23.90942
"429",140.149155,-33.749607
"430",146.2322,-30.19639
"431",140.2122,-33.70611
"432",140.73829,-27.7431
"433",138.5442,-31.41333
"434",146.02413,-36.41339
"435",142.3944,-32.60833
"436",141.14,-27.59111
"437",143.288376,-33.890449
"438",145.549744,-27.982309
"439",137.90605,-29.23907
"440",121.710231,-29.843971
"441",145.538282,-27.98183
"442",121.69442,-25.87462
"443",118.8078,-28.72167
"444",121.66392,-25.80379
"445",118.25676,-29.09662
"446",138.6039,-35.44583
"447",119.0861,-28.30944
"448",140.153412,-33.759876
"449",145.0537,-29.1913
"450",141.966019,-35.368895
"451",151.97076,-27.61138
"452",144.216973,-37.167557
"453",141.3308,-34.3885
"454",143.82931,-31.45367
"455",141.4417,-34.4183
"456",141.435,-34.426
"457",141.3849,-34.3897
"458",140.0328,-33.76389
"459",117.651043,-27.260324
"460",132.1608,-28.60583
"461",145.87878,-30.51699
"462",141.427048,-34.418186
"463",141.434,-34.426
"464",141.421,-34.404
"465",146.15731,-26.36476
"466",141.4001,-34.3899
"467",141.3967,-34.3941
"468",145.2011,-28.11667
"469",143.38601,-31.57451
"470",142.628696,-31.732104
"471",140.1397,-33.70417
"472",145.5772,-27.95972
"473",140.12362,-33.7637
"474",141.4034,-34.4019
"475",145.713749,-30.502781
"476",141.3878,-34.3913
"477",145.5258,-27.97917
"478",141.401,-34.407
"479",144.661316,-24.723274
"480",141.4142,-34.3945
"481",133.470497,-24.059631
"482",141.03333,-34.53333
"483",141.5455,-34.4955
"484",141.5609,-34.5021
"485",149.542037,-36.153175
"486",141.5586,-34.5082
"487",140.0397,-33.89472
"488",141.3494,-34.3665
"489",117.96741,-27.31778
"490",145.261715,-31.844558
"491",138.2867,-35.54833
"492",145.828692,-32.261044
"493",141.72999,-36.98538
"494",140.1246,-33.7634
"495",141.4142,-34.40889
"496",118.88365,-28.008
"497",134.80224,-31.07175
"498",145.01129,-37.02119
"499",142.08333,-34.75
"500",151.300299,-32.919722
"501",151.295646,-32.917334
"502",151.648976,-32.660013
"503",151.300122,-32.927001
"504",146.08333,-29.91667
"505",142.04086,-35.0463
"506",119.967582,-28.795747
"507",149.890969,-35.243923
"508",119.947135,-28.80081
"509",148.57629,-28.03823
"510",145.550827,-28.00194
"511",143.7333,-32.46667
"512",145.714447,-30.518061
"513",140.03062,-33.75068
"514",142.3732,-32.75876
"515",145.054169,-29.191669
"516",144.94167,-30.64167
"517",144.79,-28.68556
"518",144.3988,-28.80617
"519",139.118862,-34.949283
"520",144.479141,-28.775122
"521",145.536452,-27.980116
"522",144.3069,-26.58278
"523",145.541107,-27.96167
"524",146.51417,-25.65972
"525",117.133101,-28.943566
"526",145.535,-27.98028
"527",141.41944,-34.40747
"528",143.120098,-33.594669
"529",139.48516,-34.36384
"530",142.7794,-32.47333
"531",145.7405,-30.53624
"532",145.5367,-27.95444
"533",141.57531,-34.8014
"534",140.124282,-33.762416
"535",140.190002,-33.760559
"536",143.96724,-28.73397
"537",121.21086,-29.87994
"538",142.32049,-35.53585
"539",141.1235,-33.11445
"540",139.0256,-34.58222
"541",140.3458,-34.20444
"542",145,-36.93855
"543",141.12025,-33.11417
"544",140.1525,-33.76028
"545",144.78611,-29.90611
"546",142.3497,-37.49833
"547",142.7889,-34.52611
"548",145.7144,-30.49719
"549",142.15621,-35.18054
"550",147.725555,-37.64389
"551",152.980835,-30.655001
"552",150.046312,-36.407111
"553",140.3092,-33.70694
"554",150.045944,-36.406806
"555",150.045994,-36.406806
"556",140.1697,-33.70306
"557",146.6075,-36.30833
"558",141.9594,-35.61139
"559",143.8289,-28.74028
"560",140.036118,-33.769444
"561",145.00345,-25.9906
"562",144.70515,-24.79616
"563",142.1444,-34.13861
"564",145.7142,-30.51833
"565",148.7175,-35.4178
"566",142.3994,-34.42583
"567",151.65036,-32.65973
"568",139.960831,-33.775002
"569",145.9181,-30.52389
"570",140.7253,-33.48389
"571",140.40527,-33.50017
"572",151.66666,-32.66667
"573",140.7853,-37.70278
"574",148.236419,-27.966346
"575",147.08333,-26.41667
"576",143.32,-25.71667
"577",144.13364,-29.91563
"578",140.135284,-33.761944
"579",140.1219,-33.75167
"580",124.5953,-29.26361
"581",145.50704,-27.9565
"582",142.77832,-35.61265
"583",142.3233,-37.60167
"584",150.661118,-33.03278
"585",140.6989,-37.35167
"586",140.161177,-33.762258
"587",144.1606,-28.42667
"588",128.428604,-25.102222
"589",143.42111,-30.82249
"590",140.1364,-33.75889
"591",140.14107,-33.78038
"592",140.1567,-33.76639
"593",145.193604,-28.114721
"594",145.7131,-30.53639
"595",152.770279,-28.5175
"596",140.3456,-33.70583
"597",141.11,-33.90003
"598",123.0025,-32.44806
"599",146.140839,-36.562222
"600",140.1025,-33.74361
"601",119.974472,-28.809223
"602",140.203709,-33.70514
"603",123.4189,-32.465
"604",140.2122,-33.70583
"605",122.514168,-30.933889
"606",140.5453,-34.38222
"607",140.0814,-33.7375
"608",140.164169,-33.701389
"609",142.91666,-34.58333
"610",144.676964,-32.677271
"611",144.811935,-28.43861
"612",144.383057,-27.013611
"613",138.848053,-35.46056
"614",152.98083,-30.655
"615",140.12538,-33.72746
"616",140.787216,-37.697781
"617",151.53,-32.88
"618",142.101944,-35.60778
"619",132.196671,-25.136333
"620",132.18402,-25.03235
"621",140.204163,-33.70528
"622",147.72556,-37.64389
"623",152.88083,-30.655
"624",132.1925,-25.13111
"625",143.052216,-33.947781
"626",140.73919,-27.70742
"627",142.75,-32.416664
"628",145.5,-28.5
"629",144.3085,-26.58714
"630",145.30157,-28.10851
"631",142.58333,-32.583336
"632",146.91667,-26.41667
"633",140.16385,-33.75899
"634",142.2669,-34.7524
"635",151.55333,-32.89305
"636",148.31382,-27.50267
"637",144.63363,-27.9665
"638",145.595487,-30.556635
"639",133.29869,-23.81334
"640",129.48307,-29.48098
"641",139.357868,-25.916036
"642",151.93028,-32.02583
"643",129.60288,-29.43933
"644",132.194545,-25.13262
"645",133.88611,-23.67694
"646",133.170458,-23.969762
"647",140.13583,-33.75611
"648",140.175,-33.70444
"649",140.14751,-33.30417
"650",140.16083,-33.75889
"651",140.17444,-33.70417
"652",143.26171,-35.92464
"653",150.457779,-35.357224
"654",144.852783,-27.572781
"655",145.362817,-31.325367
"656",145.82056,-29.41972
"657",146.22596,-34.10213
"658",145.79694,-28.23194
"659",140.14667,-33.76083
"660",144.090968,-30.02809
"661",140.12056,-33.76194
"662",140.12418,-33.76278
"663",143.804228,-29.93168
"664",140.12389,-33.74722
"665",145.07222,-26.09
"666",145.072167,-26.090083
"667",145.29235,-31.31925
"668",143.807438,-29.943111
"669",141.35559,-34.15045
"670",140.15306,-33.75972
"671",145.34206,-31.290518
"672",145.366063,-31.283077
"673",145.19444,-28.11778
"674",144.657417,-24.72175
"675",138.73666,-35.41056
"676",145.338181,-31.286407
"677",133.78033,-24.17686
"678",140.54633,-33.58648
"679",145.720843,-33.252499
"680",152.4,-31.66
"681",148.56811,-37.74465
"682",141.75,-36.78
"683",140.14,-33.76
"684",139.57361,-32.91361
"685",141.99,-35.46
"686",140.03829,-33.76649
"687",139.9975,-33.7512
"688",139.56444,-32.96944
"689",140.12746,-33.76232
"690",144.83618,-28.98985
"691",145.52707,-27.98699
"692",118.009644,-28.560401
"693",140.21329,-33.70454
"694",142.293191,-32.389853
"695",151.83,-32
"696",145.950087,-30.090166
"697",142.231236,-29.473826
"698",141.42,-34.41
"699",145.53,-27.94
"700",143.93,-26.91
"701",145.01,-28.15
"702",145.54,-27.98
"703",145.58,-27.96
"704",140.19608,-33.69899
"705",132.14972,-28.43722
"706",146.19,-34.1
"707",145.68,-28.06
"708",141.79,-33.92
"709",144.15614,-28.82071
"710",132.10361,-28.45528
"711",145.52,-27.98
"712",144.83,-28.98
"713",151.44194,-32.93139
"714",145.57,-27.96
"715",140.17,-33.7
"716",140.7,-32.49805
"717",142.22419,-34.23876
"718",140.4,-33.24
"719",144.66472,-27.81139
"720",140.7,-33.48
"721",146.179249,-34.04259
"722",140.38074,-34.27587
"723",148.2312,-27.9641
"724",145.6,-27.98
"725",140.16417,-33.70139
"726",140.22,-33.75
"727",145.19291,-28.11672
"728",146.409185,-30.154132
"729",145.20485,-28.11477
"730",145.41667,-31.583334
"731",140.12662,-33.70232
"732",151.75,-32.75
"733",139.94139,-33.77667
"734",152.98334,-30.65
"735",140.08472,-33.73444
"736",140.2,-33.7
"737",140.86,-37.18
"738",144.58333,-29.916666
"739",152.596,-31.952
"740",145.56111,-29.59667
"741",145.74999,-29.58333
"742",142.34,-37.49
"743",140.9053,-36.59472
"744",140.5339,-36.59861
"745",138.6,-35.03333
"746",140.5353,-36.59194
"747",146.5,-26.5
"748",145.631968,-30.565103
"749",145.830749,-30.535731
"750",151.7886,-32.65611
"751",145.752703,-30.56055
"752",145.5792,-27.98083
"753",145.638588,-30.561455
"754",146.95,-27.9667
"755",145.628982,-30.566858
"756",145.594311,-30.557646
"757",146.153051,-29.243584
"758",145.678439,-30.556605
"759",145.47694,-26.63667
"760",145.19389,-28.11611
"761",140.16,-33.7
"762",145.5239,-27.99306
"763",145.818074,-30.528831
"764",150.2336,-35.83389
"765",139.11668,-30.8266
"766",143.2233,-30.84389
"767",139.1187,-30.82858
"768",145.803745,-30.555047
"769",141.4397,-34.40972
"770",139.05606,-30.70014
"771",145.1014,-37.63611
"772",139.00247,-30.77419
"773",140.47444,-33.54444
"774",141.4339,-34.42694
"775",145.474959,-33.996755
"776",143.14,-25.17694
"777",140.12,-33.76
"778",141.5608,-34.50333
"779",140.4431,-33.53694
"780",152.21861,-26.87277
"781",146.4883,-27.99778
"782",145.8842,-30.84889
"783",140.856035,-27.701578
"784",144.63,-27.96
"785",145.302799,-27.94105
"786",142.74329,-23.7302
"787",143.5633,-34.6425
"788",152,-26.72
"789",146.4453,-26.43111
"790",146.2381,-34.22861
"791",139.5961,-25.08667
"792",146.4133,-26.07278
"793",146.4164,-26.07556
"794",134.7305,-23.2712
"795",146.25,-34.25
"796",143.33,-25.73
"797",146.4842,-27.99778
"798",140.1203,-33.75139
"799",138.43,-35.41
"800",146.09861,-26.32638
"801",145.02861,-25.97666
"802",151.65,-32.63
"803",142.3758,-32.42972
"804",144.4878,-27.81472
"805",138.53,-31.13528
"806",140.61,-34.28
"807",120.83,-27.97
"808",146.25,-33.91667
"809",139.97,-34.17
"810",145.4894,-27.97417
"811",145.58,-27.91
"812",145.6067,-30.55417
"813",136.69189,-33.05471
"814",141.5508,-34.50833
"815",141.8303,-34.63806
"816",144.959636,-35.774439
"817",136.59888,-33.08472
"818",118.990173,-25.762793
"819",145.681246,-30.270114
"820",143.160187,-33.812356
"821",142.75,-32.583336
"822",139.0839,-30.60028
"823",142.34,-34.69
"824",139.09,-30.60139
"825",148.5825,-32.27611
"826",150.93244,-29.914157
"827",140.1761,-33.70222
"828",140.1542,-33.75834
"829",142.2325,-31.78055
"830",145.27556,-16.59301
"831",145.02004,-26.05705
"832",142.23245,-34.25675
"833",145.07238,-26.09012
"834",147.44249,-24.86379
"835",146.254169,-34.253409
"836",146.281787,-34.21546
"837",140.0347,-33.76806
"838",140.04534,-33.76499
"839",140.12,-33.74611
"840",146.302142,-34.232848
"841",145.69849,-31.72894
"842",144.4086,-28.98139
"843",145.1931,-28.11583
"844",146.261234,-34.218314
"845",146.283374,-34.214179
"846",145.60956,-27.99005
"847",146.248402,-34.24034
"848",146.21566,-29.12893
"849",143.7114,-27.87611
"850",145.1933,-28.11611
"851",145.1936,-28.11778
"852",134.5406,-29.78889
"853",146.30766,-29.18559
"854",141.6092,-34.54611
"855",146.238285,-34.215633
"856",145.0133,-28.15917
"857",145.7144,-30.51778
"858",146.28956,-29.04032
"859",145.53334,-31.516666
"860",145.53,-31.52
"861",144.4058,-28.98333
"862",138.560425,-31.411524
"863",140.1533,-33.76111
"864",140.1389,-33.75972
"865",141.75,-33.41667
"866",143.9406,-28.67917
"867",138.55805,-31.41666
"868",144.7931,-28.68444
"869",144.689941,-25.065697
"870",141.75,-33.25
"871",146.752318,-29.183881
"872",145.5261,-27.98611
"873",151.96,-32.73
"874",145.5439,-27.9825
"875",141.0789,-27.61889
"876",140.13917,-33.77149
"877",145.5369,-27.95361
"878",144.8156,-28.41278
"879",144.6239,-27.96972
"880",141.75,-33.58333
"881",128.0181,-29.5681
"882",128.9403,-29.3805
"883",145.19287,-28.11672
"884",146.09228,-29.09453
"885",140.7314,-27.74806
"886",145.1933,-28.1175
"887",146.06,-29.73
"888",119.01527,-25.67611
"889",145.20486,-28.11477
"890",141.25,-33.75
"891",142.25,-34.083336
"892",141.41667,-33.416664
"893",141.58333,-32.583336
"894",152.89947,-27.26409
"895",141.08333,-33.25
"896",140.20467,-33.70482
"897",141.08333,-33.583336
"898",141.58333,-33.583336
"899",141.91667,-32.583336
"900",141.25,-33.25
"901",146.258793,-34.239203
"902",142.0303,-35.14194
"903",141.75,-33.416664
"904",140.21,-33.7
"905",142.70001,-34.533333
"906",140.1533,-33.75972
"907",141.52083,-36.23861
"908",139.96778,-34.17065
"909",140.1528,-33.76111
"910",142.0103,-35.12139
"911",145.55706,-27.97922
"912",151.7,-32.93
"913",142.33246,-34.69203
"914",142.12791,-29.31618
"915",142.23525,-34.21897
"916",140.12048,-34.12593
"917",144.04792,-36.11402
"918",147.7636,-29.74
"919",141.1081,-34.98389
"920",141.4396,-34.40969
"921",141.4922,-35.02639
"922",141.551,-34.50809
"923",142.3647,-35.75583
"924",148.455105,-20.762074
"925",146.2164,-28.27
"926",141.1847,-35.24556
"927",145.53846,-27.97922
"928",145.61266,-27.98255
"929",144.43126,-26.74422
"930",140.1381,-33.76611
"931",144.4578,-28.78333
"932",140.1519,-33.76111
"933",138.6992,-35.09095
"934",118.4475,-28.88333
"935",142.87855,-34.52147
"936",146.257586,-34.219876
"937",121.44666,-26.04417
"938",119.5219,-27.58611
"939",145.071024,-26.095837
"940",130.1357,-29.6033
"941",143.9695,-28.685
"942",130.1188,-29.6915
"943",145.99455,-27.18671
"944",145.50784,-25.44087
"945",130.11667,-29.5501
"946",145.14015,-25.26922
"947",145.71568,-30.51727
"948",130.5042,-28.7828
"949",140.71911,-33.47597
"950",129.2,-28.50011
"951",140.15887,-33.75899
"952",140.71096,-33.48389
"953",131.20001,-29.23344
"954",131.08334,-29.9501
"955",140.70517,-33.48297
"956",145.6086,-27.99111
"957",140.18502,-33.3106
"958",142.2269,-34.22389
"959",141.17,-33.26528
"960",130.1236,-29.70639
"961",141.1572,-35.26083
"962",145.91667,-30.08333
"963",145.75,-30.583334
"964",144.75,-26.6325
"965",130.80459,-29.20974
"966",142.82666,-31.49444
"967",140.1544,-33.76139
"968",145.7131,-30.51944
"969",144.75,-26.63333
"970",130.79123,-29.34659
"971",141.31988,-33.39017
"972",145.8822,-30.51889
"973",142.3806,-37.01805
"974",120.7172,-27.44056
"975",146.4611,-25.99028
"976",140.6938,-33.47041
"977",140.70343,-33.47286
"978",140.6954,-33.4815
"979",145.566273,-28.078796
"980",139.9414,-33.77667
"981",142.56994,-33.38563
"982",141.090294,-33.353537
"983",140.70319,-33.47719
"984",141.1842,-35.25806
"985",140.70861,-33.47188
"986",150.635356,-33.426365
"987",140.14077,-33.75927
"988",140.70066,-33.48097
"989",140.71467,-33.47596
"990",140.7089,-33.46719
"991",140.53333,-33.65
"992",142.25,-34.75
"993",141.1764,-35.26611
"994",142.0177,-35.1266
"995",144.45,-29.25
"996",141.75,-34.58333
"997",141.71467,-35.03898
"998",142.30246,-34.59676
"999",142.23745,-34.23091
"1000",140.0411,-33.76722
"1001",147.07895,-28.88198
"1002",140.12153,-33.76393
"1003",140.175,-33.70389
"1004",146.84265,-28.82115
"1005",140.8467,-27.70139
"1006",139.9836,-33.75694
"1007",145.679924,-31.094169
"1008",141.1906,-35.24889
"1009",145.0814,-30.35333
"1010",132.01678,-29.04719
"1011",141.4458,-34.44306
"1012",132.22001,-28.89561
"1013",140.3542,-37.725
"1014",140.04497,-33.76454
"1015",140.2511,-37.66167
"1016",149.41667,-32.583336
"1017",140.21277,-33.70565
"1018",140.7869,-37.69917
"1019",132.14996,-28.43715
"1020",132.08255,-28.47323
"1021",146.87235,-28.81615
"1022",140.15577,-33.76343
"1023",141.4322,-34.42667
"1024",145.6095,-27.98861
"1025",132.03712,-29.01394
"1026",132.12749,-28.44807
"1027",131.94294,-29.18099
"1028",145.5397,-27.98028
"1029",140.03,-33.74
"1030",140.8758,-37.96472
"1031",140.14,-33.76139
"1032",141.4333,-34.42778
"1033",132.09029,-28.47253
"1034",131.98565,-29.10929
"1035",145.5481,-27.97833
"1036",142.4239,-37.12583
"1037",145.91667,-29.583334
"1038",143.467519,-31.603343
"1039",132.77495,-24.36178
"1040",116.16,-27.09
"1041",140.1078,-33.74166
"1042",140.2167,-33.78639
"1043",115.5392,-26.34028
"1044",145.5625,-27.9875
"1045",134.420557,-22.858341
"1046",140.1392,-33.76083
"1047",142.554,-34.773
"1048",134.41,-22.86
"1049",145.5983,-27.98667
"1050",145.58694,-28.03416
"1051",115.7497,-26.83556
"1052",140.1633,-27.2
"1053",141.99607,-35.44509
"1054",140.0758,-33.69167
"1055",140.2122,-33.70639
"1056",145.58426,-27.91533
"1057",142.2322,-34.22194
"1058",141.6228,-34.5068
"1059",142.35774,-34.7378
"1060",145.606335,-30.555998
"1061",141.3499,-34.3604
"1062",132.1267,-28.57972
"1063",145.689333,-30.576872
"1064",140.1747,-33.70444
"1065",141.3219,-34.13917
"1066",141.17215,-33.11592
"1067",141.5524,-34.5072
"1068",139.9642,-33.69778
"1069",141.5074,-34.4657
"1070",142.1769,-35.1674
"1071",141.6303,-33.39167
"1072",141.5194,-34.5455
"1073",140.6897,-33.46667
"1074",140.1586,-33.76111
"1075",141.5201,-34.5455
"1076",141.4402,-34.4301
"1077",141.565,-34.499
"1078",141.545,-34.493
"1079",141.8926,-35.4471
"1080",141.6037,-34.5416
"1081",141.442,-34.457
"1082",141.4517,-34.4158
"1083",140.032,-33.74472
"1084",141.1194,-33.22028
"1085",141.63135,-33.39037
"1086",141.4345,-34.4263
"1087",141.5412,-34.4932
"1088",141.1711,-33.11722
"1089",140.77799,-33.32114
"1090",141.3405,-34.3702
"1091",141.4515,-34.4158
"1092",141.12045,-33.21898
"1093",141.446,-34.416
"1094",141.4132,-34.3886
"1095",141.6147,-34.5392
"1096",140.8333,-33.88334
"1097",141.4219,-34.4024
"1098",130.2244,-28.53583
"1099",141.4041,-34.3888
"1100",141.5599,-34.5064
"1101",141.3831,-34.3809
"1102",146.18254,-29.307359
"1103",146.203203,-29.298459
"1104",139.975259,-33.961374
"1105",116.5956,-27.17167
"1106",146.2167,-27.74056
"1107",146.253925,-29.313607
"1108",146.151949,-29.271068
"1109",146.151101,-29.251659
"1110",142.03674,-35.46961
"1111",140.83805,-33.43961
"1112",140.8093,-33.43757
"1113",146.323333,-29.332236
"1114",146.137134,-29.319257
"1115",146.169388,-29.323008
"1116",146.216742,-27.740515
"1117",140.82816,-33.44011
"1118",142.118,-35.565
"1119",140.82417,-33.41785
"1120",145.584444,-17.352778
"1121",141.9986,-35.4558
"1122",141.4338,-34.42694
"1123",142.195,-35.344
"1124",142.0022,-35.4621
"1125",145.075263,-29.304894
"1126",142.681,-34.753
"1127",142.35,-34.75306
"1128",139.4114,-29.5475
"1129",145.53596,-27.97922
"1130",146.271965,-34.215562
"1131",146.86655,-28.81782
"1132",152.923333,-27.440833
"1133",141.0589,-35.24722
"1134",146.87405,-28.80921
"1135",146.86045,-28.81559
"1136",146.82925,-28.83059
"1137",132.34281,-30.49042
"1138",134.92749,-30.89317
"1139",141.99637,-35.44426
"1140",146.83535,-28.82615
"1141",142.03077,-35.14092
"1142",129.90588,-29.4023
"1143",122.4833,-29.07306
"1144",140.7339,-27.74333
"1145",140.1361,-33.76222
"1146",141.17,-35.25917
"1147",145.6072,-27.98611
"1148",140.7239,-27.75056
"1149",133.03333,-28.96666
"1150",140.15967,-33.75982
"1151",142.0969,-35.23056
"1152",141.2064,-33.89695
"1153",133.0267,-28.96944
"1154",119.00365,-28.50161
"1155",145.84677,-29.22394
"1156",150.04714,-32.64689
"1157",138.58918,-31.64636
"1158",119.06724,-27.35549
"1159",140.11917,-33.75121
"1160",144.4,-27.05
"1161",145.60906,-27.98699
"1162",143.2667,-25.53333
"1163",120.5417,-27.24722
"1164",140.98333,-33.81666
"1165",135.491043,-22.87823
"1166",143.2089,-34.73333
"1167",140.16983,-33.70306
"1168",140.9786,-33.82333
"1169",146.6641,-34.54199
"1170",143.830313,-29.932826
"1171",143.759838,-29.920522
"1172",145.99678,-30.86616
"1173",132.2028,-28.625
"1174",142.4369,-34.60139
"1175",142.1797,-35.16028
"1176",132.65583,-29.32127
"1177",148.25,-32.25
"1178",141.75749,-36.78482
"1179",134.32676,-32.12537
"1180",145.7108,-30.54139
"1181",142.66753,-31.762502
"1182",141.08333,-33.416664
"1183",146.449276,-29.590157
"1184",130.28531,-29.34666
"1185",130.27223,-29.08503
"1186",141.1769,-35.26222
"1187",139.9875,-33.75361
"1188",147.22345,-28.97754
"1189",130.26455,-29.08604
"1190",130.22208,-29.19606
"1191",147.07735,-28.88393
"1192",130.26894,-29.08627
"1193",130.25934,-29.33688
"1194",141.1942,-35.25139
"1195",147.25,-31.58333
"1196",145.58333,-30.583334
"1197",142.131463,-34.098259
"1198",142.143448,-34.094767
"1199",142.140714,-34.084079
"1200",142.134707,-34.113921
"1201",121.20976,-29.88133
"1202",142.104487,-34.101255
"1203",140.04577,-33.73982
"1204",142.139123,-34.101182
"1205",143.3317,-25.73167
"1206",141.73393,-35.02887
"1207",147.3167,-28
"1208",140.12313,-33.762417
"1209",140.15607,-33.75843
"1210",140.17917,-33.74732
"1211",141.721659,-35.048057
"1212",131.8225,-29.88708
"1213",132.5941,-30.51014
"1214",145.00015,-25.98977
"1215",140.12797,-33.76399
"1216",140.125465,-33.764022
"1217",146.5086,-34.4825
"1218",140.13967,-33.76093
"1219",146.41667,-34.416664
"1220",143.0117,-33.74056
"1221",142.1822,-35.33333
"1222",146.58333,-34.416664
"1223",146.3872,-38.3611
"1224",140.2081,-33.70083
"1225",140.7167,-33.5
"1226",146.85175,-28.81421
"1227",119.55304,-27.55243
"1228",146.87565,-28.8031
"1229",143.31457,-25.69784
"1230",143.08333,-33.75
"1231",141.10556,-38.02194
"1232",141.9675,-35.45472
"1233",142.338438,-34.755527
"1234",140.1722,-33.70417
"1235",147.912772,-35.776397
"1236",147.914008,-35.77485
"1237",132.6208,-30.51486
"1238",140.1245,-33.76222
"1239",140.7783,-27.70583
"1240",119.3269,-29.68472
"1241",140.437,-33.53583
"1242",139.438,-34.47667
"1243",140.4539,-33.54194
"1244",146.690005,-22.354086
"1245",140.7317,-27.7475
"1246",133.51,-30.52402
"1247",132.4664,-30.48764
"1248",141.0733,-27.62194
"1249",119.31286,-29.31911
"1250",146.81533,-26.07587
"1251",145.5142,-27.98806
"1252",145.515,-27.97472
"1253",145.5353,-27.98028
"1254",145.795925,-30.504422
"1255",140.17577,-33.70204
"1256",145.5,-30.4
"1257",148.100314,-27.976485
"1258",118.20116,-29.69885
"1259",140.1283,-33.76333
"1260",140.17407,-33.75732
"1261",139.9436,-33.77861
"1262",140.03,-33.76
"1263",140.17,-33.76083
"1264",145.250633,-28.09151
"1265",140.12297,-33.76538
"1266",141.21355,-33.27176
"1267",146.08333,-31.083334
"1268",121.53833,-26.22184
"1269",145.56486,-28.01894
"1270",145.19347,-28.11838
"1271",144.9984,-28.1539
"1272",140.2167,-33.76667
"1273",144.5333,-28.1
"1274",147.12513,-26.50782
"1275",121.5544,-26.22361
"1276",141.44186,-34.40731
"1277",145.75,-30.916666
"1278",145.941,-30.08989
"1279",141.53135,-33.30175
"1280",141.99687,-35.45787
"1281",142.23741,-29.48146
"1282",134.33439,-30.81541
"1283",140.72559,-33.31917
"1284",141.75155,-33.5798
"1285",145.19427,-28.11588
"1286",145.401595,-30.057016
"1287",134.08709,-28.41026
"1288",143.152542,-33.723312
"1289",118.0219,-27.31583
"1290",139.9608,-33.775
"1291",144.7422,-27.84778
"1292",143.22434,-33.72007
"1293",147.12543,-26.50532
"1294",142.02937,-35.14092
"1295",133.57994,-23.51815
"1296",144.75,-31.25
"1297",144.25,-32.75
"1298",144.41667,-30.916666
"1299",133.583139,-23.515692
"1300",144.70001,-31.2
"1301",144.58333,-32.583336
"1302",144.58333,-33.75
"1303",144.58333,-32.75
"1304",130.48304,-28.85023
"1305",140.0617,-33.26083
"1306",142.0167,-29.43333
"1307",140.12667,-33.76371
"1308",140.20107,-33.71538
"1309",140.8667,-27.71667
"1310",141.99687,-35.44454
"1311",140.12607,-33.76399
"1312",137.9,-29.23333
"1313",145.26647,-29.32394
"1314",132.3122,-28.72556
"1315",140.13827,-33.77315
"1316",140.12494,-33.763241
"1317",140.13027,-33.76093
"1318",145.27317,-29.21338
"1319",140.12747,-33.76538
"1320",141.0833,-27.58333
"1321",140.17387,-33.76176
"1322",140.13047,-33.76038
"1323",142.41667,-32.416664
"1324",142.669348,-34.221561
"1325",145.58333,-31.916666
"1326",145.71099,-31.84616
"1327",144.94317,-28.14894
"1328",141.25,-33.416664
"1329",141.0667,-34.28333
"1330",141.08333,-33.083336
"1331",141.08715,-33.06342
"1332",145.71538,-30.52783
"1333",140.1333,-33.76667
"1334",141.087329,-33.063252
"1335",141.54936,-34.5037
"1336",145.6333,-28.01667
"1337",145.737855,-30.528394
"1338",141.00076,-33.32953
"1339",130.6803,-28.5725
"1340",140.00967,-33.75621
"1341",124.92174,-29.66686
"1342",125.0578,-29.6425
"1343",130.5094,-28.77389
"1344",119.33722,-25.20519
"1345",125.0444,-29.63222
"1346",127.13893,-29.12822
"1347",125.0528,-29.64778
"1348",141.25,-34.75
"1349",124.5806,-29.08111
"1350",140.15327,-33.76065
"1351",130.4839,-28.84556
"1352",122.9172,-29.00333
"1353",141.4096,-34.4235
"1354",145.9297,-30.81583
"1355",142.850511,-33.367017
"1356",145.9078,-30.87
"1357",142.14747,-35.19898
"1358",142.38823,-32.44174
"1359",142.251737,-32.431825
"1360",145.902155,-31.672491
"1361",121.4894,-26.15972
"1362",143.01384,-33.69147
"1363",147.00325,-32.1384
"1364",140.91166,-33.34148
"1365",145.41667,-32.75
"1366",140.13,-33.76083
"1367",145.7139,-30.51805
"1368",118.48426,-29.04273
"1369",134.4833,-23.6
"1370",140.94276,-33.61536
"1371",146.08333,-29.25
"1372",146.08333,-29.416666
"1373",141.15,-33.21667
"1374",145.71568,-30.51699
"1375",145.75,-29.75
"1376",142.5833,-27.81667
"1377",146.08333,-29.583334
"1378",151.820458,-31.993574
"1379",140.1197,-33.75195
"1380",145.2939,-30.8375
"1381",145.75,-29.583334
"1382",147.16764,-27.99393
"1383",142.02667,-35.14453
"1384",145.1667,-28.13333
"1385",130.6178,-29.40246
"1386",140.89825,-32.87537
"1387",145.541478,-33.335807
"1388",145.6861,-30.59444
"1389",140.35716,-32.93342
"1390",145.07155,-26.08949
"1391",142.0272,-35.1438
"1392",145.3263,-32.79284
"1393",140.65,-33.46667
"1394",140.58356,-33.22064
"1395",140.5403,-33.49166
"1396",140.56826,-33.20981
"1397",140.7167,-33.51667
"1398",140.93495,-32.75537
"1399",140.84275,-32.88537
"1400",139.50607,-33.33149
"1401",141.4044,-34.40028
"1402",147.7167,-27.7333
"1403",142.0583,-34.29722
"1404",144.33267,-27.54255
"1405",145.1914,-29.36083
"1406",144.5833,-24.83333
"1407",143.64743,-33.20813
"1408",146.23911,-34.24394
"1409",145.3589,-29.18694
"1410",142.06,-34.295
"1411",143.0167,-33.71667
"1412",144.775,-24.883333
"1413",144.23487,-26.63144
"1414",145.3922,-29.13667
"1415",120.04475,-28.79993
"1416",145.08333,-29.25
"1417",142.00327,-35.11398
"1418",144.5911,-28.05778
"1419",140.1775,-33.76972
"1420",147.7222,-27.745
"1421",145.1928,-28.11806
"1422",143.63883,-33.24368
"1423",146.269617,-34.20579
"1424",147.12593,-26.50615
"1425",146.98455,-28.97032
"1426",144.7906,-28.00722
"1427",146.41667,-30.583334
"1428",141.4066,-34.3981
"1429",142.0038,-35.1133
"1430",137.29554,-22.80174
"1431",145.3519,-27.57944
"1432",145.5581,-27.99778
"1433",131.62969,-28.54124
"1434",136.3814,-22.77889
"1435",145.6095,-27.98917
"1436",138.9483,-30.59167
"1437",119.4856,-27.33917
"1438",145.19237,-28.11644
"1439",142.4333,-34.6
"1440",146.53063,-25.79587
"1441",146.52034,-26.81171
"1442",145.28815,-26.6481
"1443",144.33957,-27.52283
"1444",140.32806,-33.37009
"1445",144.8532,-31.92784
"1446",148.41666,-28.08333
"1447",144.75,-31.916666
"1448",145.71598,-30.52588
"1449",140.17887,-33.44926
"1450",133.25075,-23.95622
"1451",140.13247,-33.31121
"1452",145.71378,-30.53866
"1453",140.42827,-33.76316
"1454",140.17467,-33.70482
"1455",140.24997,-33.40038
"1456",147.11843,-26.51087
"1457",140.31077,-33.40203
"1458",140.14247,-33.43315
"1459",140.44416,-33.16926
"1460",145.865,-32.89444
"1461",140.24666,-33.30842
"1462",140.12607,-33.29038
"1463",140.15277,-33.44621
"1464",140.16797,-33.33371
"1465",140.40216,-33.14537
"1466",143.33377,-25.707
"1467",144.6381,-27.96944
"1468",145.4961,-27.95111
"1469",140.69936,-33.49814
"1470",146.9825,-28.00694
"1471",133.757116,-23.814311
"1472",147.12513,-26.84309
"1473",142.0083,-35.4583
"1474",144.61786,-25.91838
"1475",140.14187,-33.76121
"1476",146.252101,-34.246763
"1477",145.75098,-30.51533
"1478",145.1931,-28.11667
"1479",145.5858,-27.99472
"1480",140.71466,-33.4462
"1481",145.11045,-26.06866
"1482",143.79881,-31.66006
"1483",145.90174,-26.15782
"1484",145.01955,-25.98672
"1485",140.75,-34.1
"1486",145.4997,-27.95528
"1487",142.00077,-35.46342
"1488",141.9117,-35.43222
"1489",141.9118,-35.4314
"1490",141.1681,-33.215
"1491",141.29435,-33.3587
"1492",141.0536,-33.24972
"1493",140.14667,-33.70177
"1494",141.29333,-33.36
"1495",141.06546,-33.23953
"1496",117.40694,-26.71104
"1497",140.1631,-32.7025
"1498",140.12917,-33.70232
"1499",145.91667,-29.916666
"1500",141.03856,-33.23953
"1501",145.716208,-30.516509
"1502",140.17527,-33.70149
"1503",141.20525,-33.2937
"1504",141.19435,-33.30259
"1505",141.20525,-33.28453
"1506",146.58263,-25.83171
"1507",140.16417,-33.70121
"1508",145.715,-30.518056
"1509",144.53129,-30.31117
"1510",140.98466,-33.40814
"1511",141.2828,-35.52056
"1512",140.34497,-33.54343
"1513",145.21406,-28.11033
"1514",140.43667,-33.76093
"1515",140.59666,-33.57981
"1516",140.78156,-33.24842
"1517",140.74686,-33.47898
"1518",140.62496,-33.41731
"1519",142.19437,-35.34564
"1520",144.58333,-30.25
"1521",145.23266,-28.10255
"1522",141.42826,-34.40426
"1523",140.7,-33.5
"1524",141.8828,-33.82611
"1525",140.1639,-33.72194
"1526",141.884195,-33.824498
"1527",141.896882,-32.844812
"1528",141.8625,-32.87444
"1529",141.8956,-32.84639
"1530",140.43326,-33.49203
"1531",141.863888,-32.872691
"1532",142.4194,-34.09361
"1533",142.1803,-32.84667
"1534",142.181641,-32.845109
"1535",139.98467,-33.75565
"1536",142.153298,-34.069649
"1537",143.3533,-33.96389
"1538",149.90041,-36.133798
"1539",143.314972,-33.95735
"1540",142.1519,-34.07139
"1541",143.3425,-33.96389
"1542",139.94047,-33.77816
"1543",143.354792,-33.962175
"1544",143.3442,-34.01333
"1545",143.332637,-34.10158
"1546",143.34571,-34.011658
"1547",144.1683,-28.03611
"1548",145.7103,-30.54083
"1549",145.5542,-30.515
"1550",143.3136,-33.95889
"1551",144.70515,-24.79338
"1552",140.43297,-33.51898
"1553",140.43296,-33.49176
"1554",145.711488,-30.539288
"1555",143.3311,-34.10333
"1556",143.343886,-33.962212
"1557",149.901617,-36.132235
"1558",145.555273,-30.513631
"1559",145.650928,-30.62651
"1560",140.1344,-33.70306
"1561",145.616502,-30.633627
"1562",145.6153,-30.635
"1563",142.25,-34.08333
"1564",143.17774,-33.71258
"1565",140.23714,-31.23203
"1566",140.6447,-32.73083
"1567",145.6497,-30.62806
"1568",140.1333,-33.75
"1569",142.42025,-34.09147
"1570",142.42165,-34.09175
"1571",140.80104,-31.55147
"1572",141.4044,-34.3999
"1573",142.82634,-33.6748
"1574",140.1747,-33.70417
"1575",152.58333,-30.416666
"1576",118.10174,-27.38855
"1577",142.2726,-34.6879
"1578",142.27216,-34.68842
"1579",145.32379,-31.79866
"1580",121.55056,-30.31966
"1581",151.91666,-32.08333
"1582",141.40356,-34.40064
"1583",121.53006,-30.39827
"1584",145.13846,-26.62977
"1585",139.94047,-33.77843
"1586",145.25,-32.75
"1587",140.43637,-33.76093
"1588",145.1947,-28.11695
"1589",133.2322,-30.55096
"1590",142.3208,-34.695377
"1591",145.672601,-30.55512
"1592",145.25,-31.75
"1593",145.67238,-30.55533
"1594",140.12577,-33.76176
"1595",145.18517,-28.11699
"1596",133.39635,-24.26233
"1597",147.12013,-26.50976
"1598",140.26576,-33.27037
"1599",139.86437,-33.34871
"1600",140.04777,-33.22593
"1601",139.91217,-33.57704
"1602",145.18416,-28.11833
"1603",140.14637,-33.44982
"1604",140.21997,-33.30176
"1605",139.91857,-33.57232
"1606",139.71467,-33.40621
"1607",133.39385,-24.25733
"1608",140.0497,-33.74
"1609",140.55436,-33.12231
"1610",120.72142,-25.11462
"1611",139.83607,-33.35649
"1612",140.08217,-33.17232
"1613",140.56326,-33.22509
"1614",140.12607,-33.76454
"1615",140.11157,-33.47871
"1616",140.58546,-33.37175
"1617",140.12557,-33.76371
"1618",144.1722,-24.02194
"1619",141.07661,-27.62201
"1620",128.7675,-29.575
"1621",145.37845,-26.69088
"1622",143.96567,-26.64866
"1623",142.74787,-25.36145
"1624",143.71897,-26.59866
"1625",129.6764,-29.43778
"1626",125.90444,-29.47851
"1627",129.3603,-27.61417
"1628",141.99667,-35.44175
"1629",141.68715,-33.39647
"1630",132.4606,-30.48861
"1631",145.7667,-30.53333
"1632",129.3603,-27.61444
"1633",122.44895,-29.75715
"1634",126.88283,-29.35906
"1635",133.80778,-23.70998
"1636",127.30283,-29.3885
"1637",128.33802,-29.56877
"1638",144.31766,-26.07088
"1639",144.12407,-26.62394
"1640",125.90584,-29.45157
"1641",133.841667,-23.818333
"1642",127.26423,-29.39017
"1643",127.05283,-29.34406
"1644",128.15862,-29.56821
"1645",129.15332,-29.53321
"1646",127.75001,-28.04016
"1647",127.86223,-29.56711
"1648",143.92237,-26.60922
"1649",145.5117,-27.98389
"1650",145.01406,-26.56116
"1651",144.39957,-27.19366
"1652",145.1833,-28.11667
"1653",123.8275,-31.43083
"1654",140.2833,-34.18333
"1655",145.1764,-28.09722
"1656",144.92925,-25.97588
"1657",144.91816,-26.26477
"1658",144.97816,-26.39894
"1659",145.59315,-26.09087
"1660",145.19427,-28.11727
"1661",141.45,-34.33333
"1662",140.155566,-33.720784
"1663",145.714017,-30.518236
"1664",145.18333,-30.116665
"1665",145.75,-30.5
"1666",142.76995,-34.51925
"1667",141.719,-35.048
"1668",115.53334,-26.47883
"1669",140.02387,-33.7726
"1670",125.07614,-29.64602
"1671",140.21217,-33.70482
"1672",142.03047,-35.1437
"1673",115.43784,-26.78162
"1674",141.1667,-33.23333
"1675",140.03467,-33.77177
"1676",141.16775,-33.21814
"1677",141.4519,-34.3312
"1678",125.11364,-29.6613
"1679",144.44526,-24.25857
"1680",141.4306,-34.4178
"1681",125.13534,-29.67047
"1682",140.0167,-33.75
"1683",141.7167,-35.05
"1684",146.11764,-26.36532
"1685",140.15327,-33.75315
"1686",141.42936,-34.41842
"1687",144.4177,-30.932
"1688",142.0316,-35.1428
"1689",140.12187,-33.75038
"1690",115.6267,-26.68222
"1691",145.07595,-26.00172
"1692",137.89825,-29.23842
"1693",140.0333,-33.25
"1694",140.13937,-33.77038
"1695",140.57606,-33.24759
"1696",140.58296,-33.39203
"1697",141.81027,-35.11398
"1698",141.00246,-33.88453
"1699",141.3451,-34.2603
"1700",140.1231,-33.75722
"1701",142.69632,-30.9784
"1702",141.34386,-34.26092
"1703",142.05936,-34.29592
"1704",148.24745,-25.0688
"1705",141.811,-35.113
"1706",119.2872,-30.01306
"1707",133.039579,-25.68053
"1708",119.2778,-30.02194
"1709",151.330929,-33.205293
"1710",151.332076,-33.203714
"1711",139.99857,-33.75093
"1712",140.12777,-33.7076
"1713",141.3462,-34.2603
"1714",140.1536,-33.76028
"1715",141.34496,-34.26092
"1716",119.2578,-30.26139
"1717",134.54523,-23.02454
"1718",140.1139,-33.75472
"1719",141.41667,-33.25
"1720",146.307829,-29.190387
"1721",139.9672,-33.76639
"1722",152.91667,-31.083334
"1723",141.3917,-32.80139
"1724",141.39323,-32.79978
"1725",141.434646,-34.415175
"1726",141.3383,-32.805
"1727",141.339893,-32.803328
"1728",141.276413,-32.826893
"1729",141.275,-32.82861
"1730",140.15437,-33.75982
"1731",120.64804,-27.40242
"1732",140.13997,-33.75843
"1733",143.6281,-33.21917
"1734",143.629438,-33.217412
"1735",138.77426,-30.95528
"1736",139.96527,-33.69649
"1737",138.76621,-30.95732
"1738",142.245899,-33.338739
"1739",140.17217,-33.76149
"1740",142.2444,-33.34028
"1741",142.63435,-34.0723
"1742",142.3778,-33.31167
"1743",142.281955,-33.292952
"1744",132.80575,-23.50955
"1745",142.379298,-33.310128
"1746",145.75566,-28.52587
"1747",138.83893,-31.08519
"1748",146.273758,-34.229262
"1749",138.88502,-31.0957
"1750",142.2805,-33.29472
"1751",147.12313,-26.50837
"1752",140.16777,-33.69871
"1753",139.94944,-33.77806
"1754",141.11504,-33.51723
"1755",144.46738,-28.86477
"1756",142.01777,-35.46537
"1757",139.95047,-33.77677
"1758",146.2333,-26.46667
"1759",142.018,-35.465
"1760",140.17827,-33.70066
"1761",144.63767,-27.97033
"1762",140.23167,-33.69843
"1763",134.3333,-23.8
"1764",140.12937,-33.76149
"1765",141.1136,-33.51889
"1766",140.12467,-33.7601
"1767",144.46818,-28.86505
"1768",140.15327,-33.75954
"1769",146.24143,-34.202011
"1770",142.15857,-35.19814
"1771",140.1167,-33.76667
"1772",142.1597,-35.1976
"1773",146.25,-34.21667
"1774",152.25,-30.416666
"1775",147.21765,-28.98198
"1776",152.91667,-30.75
"1777",139.9628,-33.69917
"1778",121.4833,-29.91667
"1779",144.9075,-27.6378
"1780",140.1522,-33.76194
"1781",144.63817,-27.97116
"1782",142.0504,-35.5845
"1783",151.08333,-29.916666
"1784",142.04967,-35.58481
"1785",151.456337,-33.024219
"1786",151.455194,-33.0258
"1787",143.1764,-33.71472
"1788",145.39209,-30.97838
"1789",146.252283,-34.202078
"1790",141.9117,-35.43167
"1791",141.12025,-33.21925
"1792",145.1667,-28.11667
"1793",140.12417,-33.7626
"1794",131.1028,-28.54778
"1795",134.36523,-22.8976
"1796",137.0169,-22.5925
"1797",145.75,-30.51667
"1798",120.39194,-27.28687
"1799",130.6808,-28.57181
"1800",140.11777,-33.76538
"1801",145.0889,-28.00361
"1802",146.241025,-34.2471
"1803",130.37611,-28.9907
"1804",139.03415,-30.58926
"1805",140.06637,-33.7626
"1806",120.65534,-27.39437
"1807",142.1717,-35.1775
"1808",118.43506,-28.90051
"1809",146.251964,-34.238149
"1810",144.60267,-28.0156
"1811",152.295209,-32.237577
"1812",145.8,-29.5
"1813",118.87366,-28.978
"1814",138.5289,-31.13583
"1815",138.5594,-31.12833
"1816",152.29633,-32.23599
"1817",120.83302,-25.32962
"1818",119.59176,-29.58106
"1819",144.7053,-24.79417
"1820",138.5653,-31.33556
"1821",144.61847,-28.06838
"1822",141.566,-34.493
"1823",130.5092,-28.55472
"1824",141.42966,-34.41842
"1825",128.4297,-25.96139
"1826",142.0846,-35.6644
"1827",141.42606,-34.41537
"1828",141.4273,-34.4151
"1829",145.71488,-30.51838
"1830",141.5585,-34.5075
"1831",141.02106,-33.3312
"1832",140.14299,-33.75432
"1833",142.778192,-32.608854
"1834",142.3761,-34.53944
"1835",142.09135,-34.11758
"1836",141.4349,-34.4178
"1837",141.55826,-34.50787
"1838",118.0167,-27.33333
"1839",125.33,-25.55194
"1840",141.74245,-33.37313
"1841",119.55366,-29.26605
"1842",141.43416,-34.41815
"1843",141.56576,-34.49398
"1844",141.33437,-34.38204
"1845",140.13107,-33.70399
"1846",141.3347,-34.3812
"1847",142.376,-34.539
"1848",141.5596,-34.5075
"1849",141.55856,-34.50815
"1850",145.26707,-29.25949
"1851",140.70106,-33.48203
"1852",146.23334,-34.233334
"1853",140.85106,-33.36536
"1854",140.15297,-33.75705
"1855",139.15,-33.46667
"1856",141.09216,-33.43176
"1857",142.08437,-35.66537
"1858",141.9686,-34.07695
"1859",142.7767,-32.61055
"1860",116.46614,-26.178
"1861",117.9878,-27.25778
"1862",145.9167,-31
"1863",142.34951,-34.84142
"1864",141.3394,-33.405
"1865",141.6539,-33.15472
"1866",142.8755,-32.63667
"1867",130.5581,-28.72305
"1868",140.12,-33.75834
"1869",151.75,-32.916664
"1870",138.61826,-31.0401
"1871",141.67465,-33.37008
"1872",141.655212,-33.153139
"1873",140.12047,-33.75204
"1874",142.876859,-32.635142
"1875",118.0542,-27.32611
"1876",140.1231,-33.76361
"1877",146.295472,-34.229389
"1878",142.656651,-33.917838
"1879",141.16885,-33.21287
"1880",141.17045,-33.21231
"1881",123.33584,-28.37213
"1882",140.15997,-33.75982
"1883",143.1775,-33.7125
"1884",141.3902,-34.3963
"1885",142.726361,-33.45047
"1886",130.4642,-28.55569
"1887",140.15387,-33.76038
"1888",142.2736,-32.44305
"1889",142.63435,-34.15563
"1890",140.12747,-33.76176
"1891",142.6553,-33.91945
"1892",142.02917,-35.14676
"1893",142.0294,-35.1465
"1894",141.648283,-33.133954
"1895",142.725,-33.45222
"1896",141.16935,-33.21175
"1897",141.3889,-34.39861
"1898",142.3786,-32.92833
"1899",141.6555,-34.07944
"1900",141.65704,-34.077932
"1901",147.91667,-34.583336
"1902",150.75,-34.75
"1903",145.425754,-31.512576
"1904",149.25,-31.25
"1905",145.41667,-31.416666
"1906",146.216127,-30.13474
"1907",146.262901,-34.229197
"1908",146.334066,-30.174872
"1909",146.295397,-34.238407
"1910",146.189538,-30.181891
"1911",146.334625,-30.210583
"1912",140.59888,-33.7704
"1914",145.58333,-35.75
"1915",140.85416,-33.36472
"1916",151.41667,-30.416666
"1917",146.25,-29.416666
"1918",144.7617,-30.0636
"1919",144.7167,-30.025
"1920",141.998611,-35.463889
"1921",144.71666,-24.88333
"1922",144.814746,-27.371077
"1923",144.813996,-27.330987
"1924",144.856476,-27.429337
"1925",120.64004,-27.40492
"1926",145.034862,-28.161366
"1927",147.11763,-26.49865
"1928",147.70364,-27.73694
"1929",144.618625,-28.829421
"1930",146.46764,-26.58198
"1931",120.6483,-27.40306
"1932",145.714869,-30.532681
"1933",132.88509,-26.59602
"1934",132.86863,-26.55301
"1935",132.94894,-26.52471
"1936",141.4349,-34.4151
"1937",146.50094,-27.08198
"1938",132.92953,-26.56382
"1939",147.6667,-27.71667
"1940",143.01414,-33.73619
"1941",147.70423,-27.73753
"1942",144.63427,-27.96672
"1943",147.1175,-26.5175
"1944",140.13437,-33.76538
"1945",144.985253,-28.209197
"1946",141.43436,-34.41537
"1947",140.15577,-33.77343
"1948",143.3767,-33.72944
"1949",140.15187,-33.75982
"1950",140.1531,-33.76
"1951",143.358848,-33.748773
"1952",143.377958,-33.727858
"1953",140.18077,-33.70538
"1954",143.3575,-33.75056
"1955",122.24804,-27.84713
"1956",122.26644,-27.80574
"1957",140.14057,-33.7601
"1958",145.8333,-29.58333
"1959",119.59006,-29.32994
"1960",142.34793,-32.47119
"1961",134.0625,-30.93778
"1962",143.1772,-33.71278
"1963",133.3225,-30.26957
"1964",140.17467,-33.70426
"1965",122.43445,-29.04881
"1966",133.32274,-30.26941
"1967",140.24187,-33.75121
"1968",143.430373,-33.682459
"1969",143.4289,-33.68417
"1970",152.25,-31.583334
"1971",119.58116,-29.36355
"1972",119.62176,-29.20438
"1973",132.93525,-29.77413
"1974",132.93499,-29.77429
"1975",134.62691,-30.80217
"1976",134.62659,-30.80234
"1977",140.15497,-33.75426
"1978",143.3819,-33.10722
"1979",141.6667,-33.25
"1980",146.233571,-29.36813
"1981",140.14107,-33.77149
"1982",140.15297,-33.75843
"1983",139.94937,-33.6901
"1984",140.13687,-33.77038
"1985",140.17497,-33.70426
"1986",143.383441,-33.10561
"1987",144.978273,-28.220567
"1988",144.6925,-30.0589
"1989",143.521051,-33.716769
"1990",142.787213,-34.52867
"1991",143.545942,-33.69782
"1992",143.5444,-33.69944
"1993",143.544684,-33.684412
"1994",145.563315,-29.774073
"1995",145.608461,-28.732862
"1996",142.7858,-34.53028
"1997",145.603551,-28.739492
"1998",142.43435,-34.09869
"1999",144.872256,-27.437007
"2000",143.5197,-33.71833
"2001",143.5433,-33.68611
"2002",141.4263,-34.4068
"2003",147.722511,-29.384706
"2004",152.226334,-30.424585
"2005",152.22743,-30.423
"2006",145.58333,-31.75
"2007",146.41667,-32.25
"2008",142.58333,-32.25
"2009",132.75194,-24.34611
"2010",141.552,-34.505
"2011",141.9108,-35.4404
"2012",141.999,-35.44
"2013",141.4426,-34.4151
"2014",141.3553,-34.3613
"2015",141.4098,-34.3881
"2016",141.4317,-34.4241
"2017",141.4426,-34.4331
"2018",141.3771,-34.3792
"2019",141.9993,-35.4668
"2020",141.5986,-34.1736
"2021",141.4317,-34.4151
"2022",141.541,-34.496
"2023",129.35098,-27.07373
"2024",141.5629,-34.5048
"2025",141.3444,-34.3703
"2026",141.388,-34.388
"2027",141.3989,-34.3882
"2028",141.9553,-35.4762
"2029",142.028,-35.142
"2030",144.299324,-27.484752
"2031",144.478639,-26.273459
"2032",143.08333,-33.25
"2033",151.25,-29.75
"2034",144.723475,-25.084557
"2035",144.58333,-29.416666
"2036",145.600654,-30.557344
"2037",121.34,-28.67
"2038",144.2078,-32.8564
"2039",142.75,-30.583334
"2040",150.08333,-32.583336
"2041",145.75,-31.916666
"2042",143.25,-30.75
"2043",142.08333,-32.916664
"2044",143.91667,-33.416664
"2045",144.706165,-25.056278
"2046",144.706945,-25.097737
"2047",142.15,-35.195
"2048",143.58333,-32.75
"2049",145.596555,-30.491508
"2050",141.58333,-32.75
"2051",143.91667,-33.25
"2052",148.673029,-27.935635
"2053",142.75,-31.083334
"2054",144.737284,-25.066477
"2055",143.75,-32.916664
"2056",143.91667,-32.916664
"2057",142.1608,-35.1967
"2058",141.91667,-32.75
"2059",143.75,-32.583336
"2060",144.996093,-28.194556
"2061",145.632239,-30.627478
"2063",145.594672,-30.5558
"2064",132.85314,-27.50971
"2065",142.672324,-34.177688
"2066",142.712849,-34.250168
"2067",142.799586,-34.294911
"2068",145.4653,-30.2178
"2069",144.9478,-30.3556
"2070",146.634211,-27.684558
"2071",141.101115,-33.43178
"2072",141.9991,-35.4488
"2073",134.89083,-30.16778
"2074",140.0333,-33.5381
"2075",138.9494,-30.5908
"2077",139.9494,-30.5908
"2078",145.57,-30.5
"2079",145.6,-30.55
"2080",145.633,-30.633
"2081",148.91667,-31.416666
"2082",142.619705,-34.212938
"2083",145.69,-30.62
"2084",142.39305,-34.20138
"2085",142.624803,-34.212265
"2086",140.75453,-33.32379
"2087",147.502441,-31.709476
"2088",140.03735,-33.24477
"2089",153.08333,-30.083334
"2090",141.32311,-33.461661
"2091",148.91667,-30.75
"2092",144.401111,-27.165
"2093",147.475276,-28.031806
"2094",145.58333,-33.75
"2095",141.004529,-33.327742
"2096",141.6056,-34.3963
"2097",141.154077,-33.439492
"2098",144.75,-29.75
"2099",141.321991,-33.461718
"2100",145.25,-29.25
"2101",145.192846,-28.115126
"2102",145.25,-29.583334
"2103",141.258308,-33.396925
"2104",145.91667,-29.25
"2105",146.41667,-29.083334
"2106",146.08333,-35.083336
"2107",143.395998,-26.723169
"2108",143.417798,-26.760069
"2109",141.8925,-34.7733
"2110",148.303497,-29.770047
"2111",143.411198,-26.792469
"2112",143.410798,-26.730569
"2113",141.274529,-33.425754
"2114",147.08333,-29.083334
"2115",147.059612,-29.067747
"2116",146.434708,-34.253811
"2117",153.08333,-28.416666
"2118",133.3,-27.32
"2119",141.9211,-35.3773
"2120",142.1959,-35.3478
"2121",148.25,-33.25
"2122",144.467877,-28.865129
"2123",141.58333,-33.25
"2124",141.3989,-34.3927
"2125",141.5334,-34.5004
"2126",133.5,-28.5
"2127",142.08333,-34.083336
"2128",145.41667,-33.083336
"2129",142.25,-33.416664
"2130",142.91667,-33.25
"2131",141.210702,-33.275247
"2132",141.25,-33.583336
"2133",145.192778,-28.115
"2134",145.19166,-28.125
"2135",142.0917,-34.1
"2136",133.600617,-23.551871
"2137",133.6011,-23.54861
"2138",136.34417,-31.59138
"2139",142.25,-33.75
"2140",142.75,-34.25
"2141",142.174154,-33.900883
"2142",150.91667,-30.416666
"2143",146.75,-31.25
"2144",142.144312,-35.192995
"2145",132.83137,-27.11771
"2146",145.41667,-30.916666
"2147",143.01542,-33.7364
"2148",145.41667,-29.75
"2149",146.08333,-30.75
"2150",152.75,-30.583334
"2151",141.967,-35.358
"2152",145.19398,-28.1175
"2153",149.41667,-30.916666
"2154",142.2415,-34.2878
"2155",142.25,-32.416664
"2156",145.418792,-29.756182
"2157",133.584597,-23.515236
"2158",142.2426,-34.2833
"2159",142.2436,-34.2797
"2160",141.861926,-33.434788
"2161",145.434623,-37.431815
"2162",151.75,-30.416666
"2163",147.281514,-29.019846
"2164",147.155307,-29.085939
"2165",142.5,-23.5
"2166",139.55842,-33.38883
"2167",139.56123,-33.28992
"2168",139.53587,-33.70691
"2169",140.19626,-33.12401
"2170",140.332,-33.45809
"2171",139.71937,-33.37391
"2172",140.1099,-33.28938
"2173",143.560836,-30.760127
"2174",139.54846,-33.7278
"2175",139.93837,-33.39762
"2176",139.5457,-33.3783
"2177",140.44515,-33.6007
"2178",140.0516,-33.11893
"2179",146.165,-32.9603
"2180",139.97021,-33.5697
"2181",140.11769,-33.58166
"2182",140.18515,-32.69999
"2183",142.367963,-34.165163
"2184",151.91667,-29.916666
"2185",141.7919,-33.9366
"2186",144.9133,-25.9806
"2187",147.9849,-27.9813
"2188",145.25,-30.75
"2189",140.9639,-34.1688
"2190",140.65906,-33.4734
"2191",140.81241,-33.4832
"2192",145.505316,-23.644284
"2193",138.784678,-34.631862
"2194",147.743919,-30.87347
"2195",133.73528,-23.72306
"2196",147.75,-30.916666
"2197",145.25,-30.916666
"2198",145.190744,-30.917081
"2199",145.46784,-26.64802
"2200",146.25,-33.08333
"2201",145.25,-29.416666
"2202",142.25,-31.25
"2203",143.175987,-33.720764
"2204",145.08333,-29.416666
"2205",131.5,-22.5
"2206",142.320702,-31.295703
"2207",141.76958,-33.33167
"2208",142.23531,-31.2532
"2209",133.081276,-23.88857
"2210",152.41667,-32.416664
"2211",142.02181,-35.144822
"2212",141.58333,-33.416664
"2213",142.235428,-31.262221
"2214",140.78334,-33.41667
"2215",141.251305,-33.581836
"2216",145.042919,-29.408302
"2217",141.594029,-33.2713
"2218",149.41667,-34.916664
"2219",145.75,-33.416664
"2220",149.08333,-35.25
"2221",142.109628,-34.041828
"2222",130.55,-28.73333
"2223",142.75,-33.75
"2224",130.71666,-28.56806
"2225",129.58388,-28.5087
"2226",144.9333,-25.9667
"2227",139.21667,-30.48333
"2228",145.429336,-33.685701
"2229",145.91667,-32.916664
"2230",146.08333,-32.916664
"2231",142.151298,-34.077668
"2232",140.99271,-33.38142
"2233",133.824058,-24.868566
"2234",145.846507,-29.612609
"2235",145.839857,-29.562015
"2236",145.25596,-30.782657
"2237",146.58333,-30.916666
"2238",141.4,-34.4
"2240",142.58333,-34.25
"2241",143.25,-33.083336
"2242",142.08333,-33.583336
"2243",142.91667,-33.083336
"2244",148.41667,-34.916664
"2245",142.41667,-34.25
"2246",150.41667,-34.416664
"2247",149.08333,-34.25
"2248",132.979276,-23.775571
"2249",141.0763,-34.2568
"2250",141.1096,-34.2068
"2251",150.58333,-33.416664
"2252",144.41667,-31.416666
"2253",140.19765,-27.26524
"2254",152.41667,-30.416666
"2255",140.54107,-27.52958
"2256",140.56255,-27.88691
"2257",142.75,-33.583336
"2258",149.91667,-36.916664
"2259",145.353731,-32.832468
"2260",145.25,-32.916664
"2261",134.16713,-30.81861
"2262",133.47279,-30.60594
"2263",135.15811,-32.20478
"2264",152.41667,-30.583334
"2265",142.1453,-35.1923
"2266",142.1726,-35.1821
"2267",152.75,-29.75
"2268",141.4339,-34.4178
"2269",141.3891,-34.3963
"2270",141.4426,-34.4295
"2271",147.08333,-36.083336
"2272",146.498056,-25.913889
"2273",141.413,-34.399
"2274",133.571268,-23.538566
"2275",133.417956,-25.16524
"2276",152.58333,-32.25
"2277",141.04,-34.709
"2278",133.167955,-24.881901
"2279",141.3562,-34.5894
"2280",141.684001,-33.395518
"2281",130.13778,-29.59631
"2282",133.2176,-30.31736
"2283",150.25,-35.75
"2284",134.04896,-30.91824
"2285",133.881266,-23.698563
"2286",142.366667,-34.166667
"2287",142.1726,-35.1767
"2288",145.353847,-32.826156
"2289",141.3763,-34.3735
"2290",141.9263,-35.3901
"2291",141.5596,-34.4901
"2292",152.91667,-30.25
"2293",141.9176,-28.5819
"2294",133.745268,-23.729565
"2295",139.551335,-34.331859
"2296",145.41667,-33.75
"2297",115.483333,-27.45
"2298",115.283333,-27.316667
"2299",115.516667,-27.416667
"2300",140.9763,-34.1568
"2301",142.1167,-34.1167
"2302",141.4596,-34.3735
"2303",147.87386,-26.4627
"2304",127.416667,-29.35
"2305",145.41667,-31.75
"2306",145.41667,-32.25
"2307",145.41667,-31.916666
"2308",145.91667,-32.75
"2309",145.35783,-32.82752
"2310",145.25,-31.916666
"2311",145.91667,-33.916664
"2312",145.75,-31.416666
"2313",145.042862,-28.160955
"2314",145.58333,-31.583334
"2315",145.41667,-29.083334
"2316",145.3676,-29.1819
"2317",134.75125,-22.915226
"2318",142.607876,-34.211914
"2319",141.4458,-34.4133
"2320",146.5213,-26.121
"2321",145.75,-31.583334
"2322",136.38067,-32.61121
"2323",145.91667,-33.75
"2324",141.3357,-34.3604
"2325",142.1819,-35.1406
"2326",133.726268,-23.729565
"2327",141.3929,-34.3901
"2328",141.4429,-34.4235
"2329",141.412,-34.4
"2330",141.4096,-34.4068
"2331",139.38243,-32.06699
"2332",139.48135,-34.35853
"2333",142.354802,-33.929104
"2334",144.95636,-28.143449
"2335",142.41667,-34.083336
"2336",118.766667,-29.283333
"2337",142.41667,-33.916664
"2338",152.25,-29.583334
"2339",119.016667,-29.15
"2340",145.830819,-33.831745
"2341",149.08333,-30.75
"2342",145.75,-33.583336
"2343",142.75,-34.583336
"2344",142.734628,-34.581824
"2345",138.893017,-34.685471
"2346",143.41667,-31.416666
"2347",142.715473,-34.16537
"2348",141.151299,-33.431828
"2349",142.04738,-34.091728
"2350",143.58333,-31.416666
"2352",143.631358,-31.426092
"2353",142.25,-34.25
"2354",145.91667,-30.583334
"2355",145.684547,-30.598451
"2356",142.117355,-34.055038
"2357",124.632778,-29.35
"2358",134.059265,-23.776562
"2359",138.965786,-34.70047
"2360",150.25,-33.083336
"2361",151.25,-33.25
"2362",136.1866,-29.91865
"2363",133.706268,-23.710565
"2364",138.73898,-32.87349
"2365",143.106429,-33.744513
"2366",144.91667,-32.583336
"2367",144.9342,-25.9653
"2368",134.01802,-30.88191
"2369",120.05,-25.4
"2370",119.166667,-27.15
"2371",118.75,-28.1
"2372",118.85,-28.016667
"2373",117.75,-24.616667
"2374",118.833333,-27.983333
"2375",141.995266,-35.478185
"2376",140.60131,-34.28814
"2377",144.25,-32.916664
"2378",141.9328,-35.4313
"2379",145.0676,-26.0819
"2380",134.017931,-23.748563
"2381",145.25,-31.416666
"2382",135.5,-31.05
"2383",145.04173,-25.944564
"2384",134.017935,-23.748562
"2385",139.5,-33.05
