"","X","Y","Presence","Annual.Mean.Temperature","Mean.Diurnal.Range","Isothermality","Temperature.Seasonality","Max.Temperature.of.Warmest.Month","Min.Temperature.of.Coldest.Month","Temperature.Annual.Range","Mean.Temperature.of.Wettest.Quarter","Mean.Temperature.of.Driest.Quarter","Mean.Temperature.of.Warmest.Quarter","Mean.Temperature.of.Coldest.Quarter","Annual.Precipitation","Precipitation.of.Wettest.Month","Precipitation.of.Driest.Month","Precipitation.Seasonality","Precipitation.of.Wettest.Quarter","Precipitation.of.Driest.Quarter","Precipitation.of.Warmest.Quarter","Precipitation.of.Coldest.Quarter"
"71266",142.7242,-37.00972,1,138,121,48,4323,282,35,247,90,194,194,83,591,70,28,30,200,90,90,195
"71267",142.3222,-37.59389,1,131,113,50,3700,261,39,222,90,179,179,84,670,81,30,28,222,102,102,213
"71268",141.1836,-37.09214,1,139,126,51,3871,281,38,243,90,189,189,90,631,85,21,41,238,76,76,238
"71269",142.4258,-36.84694,1,142,127,50,4405,289,35,254,86,198,198,86,517,62,27,29,173,83,83,173
"71270",142.3219,-37.59333,1,131,113,50,3700,261,39,222,90,179,179,84,670,81,30,28,222,102,102,213
"71271",146.1633,-36.24806,1,148,126,45,5278,303,28,275,90,215,216,81,609,66,32,21,188,113,117,183
"71272",142.3664,-37.49556,1,132,116,50,3821,266,37,229,89,181,181,83,654,79,29,28,217,99,99,208
"71273",141.1803,-37.09048,1,139,126,51,3871,281,38,243,90,189,189,90,631,85,21,41,238,76,76,238
"71274",142.4136,-37.08917,1,126,121,49,4232,270,26,244,73,181,181,73,818,107,34,38,298,108,108,298
"71275",141.6694,-36.87389,1,138,131,51,4194,285,32,253,92,192,192,85,544,70,23,36,195,74,74,194
"71276",146.7233,-36.22639,1,131,119,44,5293,282,13,269,73,199,200,64,908,112,34,32,312,136,143,309
"71277",142.0661,-37.08917,1,133,124,50,4112,276,31,245,87,186,186,81,645,83,28,35,229,89,89,228
"71278",145.1338,-36.01404,1,157,129,46,5184,309,33,276,123,223,223,91,458,46,28,16,135,92,92,127
"71279",142.7071,-37.0053,1,139,121,48,4331,283,36,247,91,194,194,84,581,69,28,30,196,89,96,192
"71280",142.4497,-36.8836,1,140,126,49,4363,287,34,253,85,196,196,85,552,67,28,30,187,87,87,187
"71281",142.3589,-36.82917,1,142,128,50,4427,290,34,256,87,199,199,87,503,60,27,29,167,82,82,167
"71282",145.5334,-36.05541,1,157,128,46,5216,309,34,275,122,224,224,90,498,51,29,16,147,103,103,139
"71283",141.8683,-38.1165,1,136,97,52,3051,240,54,186,97,176,176,97,760,100,28,34,271,102,102,271
"71284",142.3636,-36.82389,1,142,128,50,4427,290,34,256,87,199,199,87,503,60,27,29,167,82,82,167
"71285",142.5006,-36.90806,1,142,125,49,4396,288,36,252,86,198,198,86,529,63,27,29,176,84,84,176
"71286",142.3644,-37.17528,1,135,121,50,4074,276,35,241,90,187,187,83,640,80,29,32,221,93,93,218
"71287",145.5329,-36.05596,1,157,128,46,5216,309,34,275,122,224,224,90,498,51,29,16,147,103,103,139
"71288",142.3578,-36.83194,1,142,128,50,4427,290,34,256,87,199,199,87,503,60,27,29,167,82,82,167
"71289",144.9423,-36.79275,1,146,123,47,4822,292,32,260,93,208,208,85,591,66,32,20,183,113,113,178
"71290",142.4467,-36.87528,1,140,126,49,4363,287,34,253,85,196,196,85,552,67,28,30,187,87,87,187
"71291",142.3572,-36.83417,1,141,127,49,4391,289,33,256,85,197,197,85,527,64,27,31,177,83,83,177
"71292",142.2133,-37.08694,1,136,124,50,4152,279,34,245,84,190,190,84,614,77,28,33,212,89,89,212
"71293",142.3606,-36.82778,1,142,128,50,4427,290,34,256,87,199,199,87,503,60,27,29,167,82,82,167
"71294",145.1675,-38.1707,1,143,91,47,3450,251,60,191,118,187,187,98,825,88,45,21,249,146,146,233
"71295",141.1836,-37.10492,1,139,126,51,3871,281,38,243,90,189,189,90,631,85,21,41,238,76,76,238
"71296",141.8687,-38.1165,1,136,97,52,3051,240,54,186,97,176,176,97,760,100,28,34,271,102,102,271
"71297",142.2775,-36.93611,1,140,127,50,4295,286,34,252,85,195,195,85,546,67,27,31,185,84,84,185
"71298",142.1926,-37.30382,1,134,120,50,3953,273,36,237,90,185,185,84,638,80,28,31,219,93,93,215
"71299",145.5677,-38.63475,1,139,87,48,3080,240,60,180,100,180,180,100,937,106,38,29,308,141,141,308
"71300",116.6143,-32.1364,1,166,137,48,5026,329,49,280,106,232,232,106,639,128,13,74,338,46,46,338
"71301",138.6651,-35.00931,1,147,104,48,3868,271,57,214,106,196,196,98,819,123,23,49,332,80,80,328
"71302",149.0284,-35.26882,1,131,134,46,5271,284,-2,286,127,96,198,63,697,73,45,12,199,153,169,161
"71303",149.0986,-35.26556,1,128,132,46,5234,280,-4,284,124,94,195,61,664,68,41,13,192,142,166,148
"71304",149.0927,-35.26602,1,128,132,46,5234,280,-4,284,124,94,195,61,664,68,41,13,192,142,166,148
"71305",149.0928,-35.26806,1,128,132,46,5234,280,-4,284,124,94,195,61,664,68,41,13,192,142,166,148
"71306",149.0928,-35.2681,1,128,132,46,5234,280,-4,284,124,94,195,61,664,68,41,13,192,142,166,148
"71307",138.711,-35.02303,1,138,109,49,3902,266,46,220,88,187,187,88,1011,156,30,50,412,99,99,412
"71308",149.0886,-35.27325,1,128,132,46,5234,280,-4,284,124,94,195,61,664,68,41,13,192,142,166,148
"71309",149.7289,-35.2186,1,124,125,47,4779,263,0,263,181,71,184,61,778,78,52,12,215,166,201,172
"71310",149.0986,-35.26083,1,128,132,46,5234,280,-4,284,124,94,195,61,664,68,41,13,192,142,166,148
"71311",149.0986,-35.2608,1,128,132,46,5234,280,-4,284,124,94,195,61,664,68,41,13,192,142,166,148
"71312",149.1357,-35.58534,1,119,134,47,5061,268,-12,280,115,61,183,53,712,72,45,13,199,147,180,152
"71313",119.8388,-33.24186,1,161,128,52,4075,298,56,242,119,200,213,110,384,46,17,29,131,61,65,131
"71314",140.9111,-36.59972,1,146,133,52,4036,293,42,251,95,198,198,95,529,71,19,39,195,65,67,195
"71315",138.9654,-34.71075,1,137,121,50,4219,276,35,241,84,191,191,84,744,112,23,51,308,75,75,308
"71316",116.5125,-32.1117,1,168,135,48,4990,329,52,277,108,233,233,108,698,141,13,76,374,46,50,374
"71317",141.1743,-37.0981,1,139,126,51,3871,281,38,243,90,189,189,90,631,85,21,41,238,76,76,238
"71318",115.8497,-32.62139,1,180,114,50,3923,308,81,227,142,230,233,133,919,203,10,85,517,38,43,512
"71319",115.8308,-32.95444,1,171,120,51,3952,305,72,233,133,223,225,125,910,198,12,84,505,40,46,502
"71320",139.021,-34.58949,1,134,122,50,4315,274,31,243,79,188,189,79,735,107,24,48,295,78,81,295
"71321",138.8292,-34.71244,1,145,117,49,4205,281,45,236,92,198,198,92,696,105,20,50,287,70,73,287
"71322",141.8687,-38.1165,1,136,97,52,3051,240,54,186,97,176,176,97,760,100,28,34,271,102,102,271
"71323",141.8682,-38.1165,1,136,97,52,3051,240,54,186,97,176,176,97,760,100,28,34,271,102,102,271
"71324",144.9423,-36.7927,1,146,123,47,4822,292,32,260,93,208,208,85,591,66,32,20,183,113,113,178
"71325",144.9,-36.7,1,148,124,47,4887,295,32,263,94,210,210,86,568,62,31,19,174,110,110,168
"71326",138.8051,-34.7411,1,145,117,49,4205,281,45,236,92,198,198,92,696,105,20,50,287,70,73,287
"71327",142.707,-37.005,1,139,121,48,4331,283,36,247,91,194,194,84,581,69,28,30,196,89,96,192
"71328",142.4799,-36.95712,1,140,125,49,4354,286,35,251,85,196,196,85,555,67,28,31,187,86,88,187
"71329",115.4313,-29.59833,1,198,138,50,4988,355,79,276,137,240,264,137,462,101,9,79,251,31,38,251
"71330",115.4325,-29.59712,1,198,138,50,4988,355,79,276,137,240,264,137,462,101,9,79,251,31,38,251
"71331",115.431,-29.598,1,198,138,50,4988,355,79,276,137,240,264,137,462,101,9,79,251,31,38,251
"71332",115.4311,-29.5983,1,198,138,50,4988,355,79,276,137,240,264,137,462,101,9,79,251,31,38,251
"71333",142.4497,-36.8836,1,140,126,49,4363,287,34,253,85,196,196,85,552,67,28,30,187,87,87,187
"71334",136.9753,-35.83019,1,141,68,46,2680,224,79,145,108,174,176,108,812,146,18,62,382,66,74,382
"71335",117.7325,-35.0089,1,157,95,55,2816,249,78,171,122,191,194,122,890,142,22,55,382,75,83,382
"71336",117.7339,-35.00786,1,157,95,55,2816,249,78,171,122,191,194,122,890,142,22,55,382,75,83,382
"71337",148.6103,-34.16,1,137,139,47,5457,297,5,292,102,180,208,68,760,78,53,13,222,164,179,203
"71338",117.732,-35.009,1,157,95,55,2816,249,78,171,122,191,194,122,890,142,22,55,382,75,83,382
"71339",136.9743,-35.83153,1,141,68,46,2680,224,79,145,108,174,176,108,812,146,18,62,382,66,74,382
"71340",144.05,-39.78,1,134,66,48,2459,210,74,136,103,163,167,103,989,138,36,39,372,127,133,372
"71341",117.7327,-35.00903,1,157,95,55,2816,249,78,171,122,191,194,122,890,142,22,55,382,75,83,382
"71342",142.4826,-37.42778,1,126,116,50,3930,262,31,231,82,177,177,76,733,90,32,30,248,108,108,238
"71343",136.974,-35.831,1,141,68,46,2680,224,79,145,108,174,176,108,812,146,18,62,382,66,74,382
"71344",144.0539,-39.7621,1,134,66,48,2459,210,74,136,103,163,167,103,989,138,36,39,372,127,133,372
"71345",142.4836,-36.95642,1,140,125,49,4354,286,35,251,85,196,196,85,555,67,28,31,187,86,88,187
"71346",136.9742,-35.8314,1,141,68,46,2680,224,79,145,108,174,176,108,812,146,18,62,382,66,74,382
"71347",142.4825,-37.4278,1,126,116,50,3930,262,31,231,82,177,177,76,733,90,32,30,248,108,108,238
"71348",140.6164,-37.17317,1,143,121,52,3622,278,49,229,98,191,191,98,618,90,17,45,249,65,65,249
"71349",142.4073,-37.53153,1,126,114,50,3807,259,32,227,83,175,175,77,743,92,32,30,252,109,109,242
"71350",138.8404,-34.74131,1,145,118,49,4200,282,44,238,92,198,199,92,680,101,20,50,279,67,71,279
"71351",116.4343,-32.29375,1,158,130,48,4856,316,47,269,100,222,222,100,829,164,13,76,443,50,50,443
"71352",115.9531,-32.29583,1,182,111,48,4049,311,84,227,134,235,237,134,920,191,8,82,509,45,49,509
"71353",116.4343,-32.29375,1,158,130,48,4856,316,47,269,100,222,222,100,829,164,13,76,443,50,50,443
"71354",116.5131,-32.05783,1,167,135,48,5004,329,51,278,107,233,233,107,692,139,13,77,370,46,50,370
"71355",116.5131,-32.0578,1,167,135,48,5004,329,51,278,107,233,233,107,692,139,13,77,370,46,50,370
"71356",118.4749,-30.81189,1,180,138,47,5654,342,49,293,119,206,253,109,313,51,13,44,133,42,53,126
"71357",116.525,-32.282,1,161,133,48,4910,322,48,274,103,226,226,103,737,147,13,75,392,48,48,392
"71358",116.5256,-32.28169,1,161,133,48,4910,322,48,274,103,226,226,103,737,147,13,75,392,48,48,392
"71359",140.9711,-37.53917,1,138,114,51,3522,268,45,223,94,184,184,94,702,98,22,42,274,80,80,274
"71360",140.9692,-37.5386,1,138,114,51,3522,268,45,223,94,184,184,94,702,98,22,42,274,80,80,274
"71361",140.9722,-37.53789,1,138,114,51,3522,268,45,223,94,184,184,94,702,98,22,42,274,80,80,274
"71362",144.0219,-39.7027,1,135,66,48,2473,211,74,137,104,164,168,104,961,135,36,38,358,126,131,358
"71363",140.9692,-37.53861,1,138,114,51,3522,268,45,223,94,184,184,94,702,98,22,42,274,80,80,274
"71364",116.0483,-30.94553,1,180,131,48,4967,336,66,270,120,244,246,120,526,105,11,78,283,36,39,283
"71365",147.3011,-41.77117,1,114,110,51,3487,232,18,214,76,158,158,69,584,63,31,17,176,115,115,168
"71366",147.4238,-41.80805,1,114,109,51,3432,230,19,211,76,157,157,69,571,60,33,15,167,114,114,159
"71367",116.3898,-32.42789,1,158,128,48,4764,314,49,265,102,221,221,102,852,170,12,76,456,49,49,456
"71368",147.4228,-41.80944,1,114,109,51,3432,230,19,211,76,157,157,69,571,60,33,15,167,114,114,159
"71369",117.9026,-34.94196,1,159,96,55,2835,251,78,173,124,193,196,124,825,129,25,51,339,78,85,339
"71370",117.7237,-35.0061,1,157,95,55,2816,249,78,171,122,191,194,122,890,142,22,55,382,75,83,382
"71371",116.2833,-32.11666,1,162,123,47,4752,316,55,261,105,223,225,105,986,198,15,79,537,54,57,537
"71372",116.2922,-32.12275,1,167,126,47,4764,322,59,263,110,229,230,110,917,186,14,79,501,52,55,501
"71373",116.5358,-31.96501,1,168,136,48,5055,331,51,280,107,234,234,107,670,135,13,77,359,46,50,359
"71374",142.3292,-37.1811,1,135,122,50,4070,276,34,242,90,187,187,83,639,80,29,32,221,93,93,218
"71375",138.6824,-35.19474,1,144,104,50,3699,263,56,207,97,191,191,97,853,126,25,49,347,84,84,347
"71376",115.14,-29.63392,1,203,133,51,4526,350,91,259,159,260,264,148,491,113,6,86,278,26,30,278
"71377",117.0011,-34.7961,1,154,100,52,3178,262,72,190,116,194,196,116,982,159,25,58,437,78,83,437
"71378",115.4438,-29.67617,1,193,137,50,4973,350,76,274,133,235,260,133,487,106,9,78,263,33,40,263
"71379",140.0303,-36.2603,1,152,118,53,3590,280,60,220,107,198,198,107,515,70,17,44,200,59,63,200
"71380",115.9698,-32.03117,1,184,113,48,4190,316,85,231,134,238,241,134,821,178,8,85,467,37,39,467
"71381",115.445,-29.587,1,198,138,50,4988,355,79,276,137,240,264,137,462,101,9,79,251,31,38,251
"71382",140.0303,-36.26028,1,152,118,53,3590,280,60,220,107,198,198,107,515,70,17,44,200,59,63,200
"71383",116.7191,-34.4405,1,151,108,51,3516,272,63,209,108,196,197,108,778,130,20,60,357,61,65,357
"71384",138.7369,-35.34361,1,151,99,51,3435,258,65,193,107,194,194,107,660,93,22,46,263,74,74,263
"71385",115.4506,-29.59214,1,198,138,50,4988,355,79,276,137,240,264,137,462,101,9,79,251,31,38,251
"71386",144.0168,-39.71176,1,134,66,48,2455,211,74,137,104,164,168,104,968,135,35,38,362,125,129,362
"71387",140.8125,-37.55556,1,138,111,51,3454,263,46,217,94,182,182,94,733,104,21,44,291,81,81,291
"71388",115.2283,-30.13767,1,185,126,52,4221,322,80,242,134,219,242,134,586,129,6,82,327,34,38,327
"71389",140.8125,-37.5556,1,138,111,51,3454,263,46,217,94,182,182,94,733,104,21,44,291,81,81,291
"71390",116.7838,-34.4605,1,151,107,51,3495,271,64,207,109,196,197,109,797,132,20,60,363,63,67,363
"71391",140.6564,-37.71639,1,136,100,51,3147,246,52,194,96,177,177,96,776,112,22,46,316,83,83,316
"71392",141.8222,-37.0458,1,137,127,51,4081,281,34,247,92,190,190,85,587,76,24,37,212,77,77,210
"71393",123.0154,-33.85968,1,168,112,56,3161,273,73,200,127,207,208,127,543,79,16,48,223,58,63,223
"71394",123.0145,-33.84551,1,168,112,56,3161,273,73,200,127,207,208,127,543,79,16,48,223,58,63,223
"71395",116.2029,-34.12102,1,148,115,51,3783,279,55,224,102,197,198,102,865,153,18,67,424,59,63,424
"71396",138.8543,-34.72029,1,145,118,49,4200,282,44,238,92,198,199,92,680,101,20,50,279,67,71,279
"71397",149.5299,-35.20145,1,120,127,47,4945,264,-5,269,144,63,183,55,758,79,56,10,212,170,187,177
"71398",118.6015,-30.52318,1,183,140,46,5781,347,47,300,120,210,257,110,303,49,14,42,125,43,54,118
"71399",138.9951,-34.58497,1,138,121,50,4326,277,35,242,83,193,193,83,702,102,22,49,282,72,75,282
"71400",140.54,-37.61984,1,136,102,51,3232,251,51,200,96,179,179,96,826,121,21,48,341,86,86,341
"71401",139,-34.6,1,134,122,50,4315,274,31,243,79,188,189,79,735,107,24,48,295,78,81,295
"71402",117.8946,-34.61717,1,153,106,53,3289,264,66,198,122,195,196,113,653,94,22,43,250,74,82,248
"71403",138.55,-35.37,1,144,93,49,3431,250,62,188,100,187,187,100,841,127,25,50,347,87,87,347
"71404",138.7442,-35.33639,1,151,99,51,3435,258,65,193,107,194,194,107,660,93,22,46,263,74,74,263
"71405",138.9176,-34.75105,1,137,120,50,4192,275,36,239,84,190,190,84,786,120,24,52,329,77,77,329
"71406",138.7122,-34.87583,1,142,112,49,4026,273,47,226,91,193,193,91,858,131,24,50,351,85,85,351
"71407",138.7114,-34.87493,1,151,112,49,4082,282,54,228,100,203,203,100,701,102,21,48,279,72,77,279
"71408",117.9379,-35.06073,1,161,94,55,2733,249,81,168,127,193,197,127,884,144,24,55,380,77,85,348
"71409",138.7023,-34.87905,1,157,109,48,4042,284,61,223,114,208,208,106,645,93,20,48,259,65,72,254
"71410",138.8483,-34.65094,1,151,119,49,4284,287,48,239,97,205,205,97,596,84,17,49,237,59,62,237
"71411",140.596,-37.632,1,136,103,51,3231,250,50,200,95,178,178,95,823,119,22,47,336,86,86,336
"71412",149.5295,-35.2019,1,120,127,47,4945,264,-5,269,144,63,183,55,758,79,56,10,212,170,187,177
"71413",151.5663,-31.42917,1,119,122,49,4601,241,-7,248,175,67,175,58,1002,135,63,24,335,194,335,207
"71414",144.26,-36.82,1,141,120,46,4799,285,29,256,88,201,202,80,610,72,31,27,200,102,106,195
"71415",146.6833,-36.3514,1,124,117,43,5206,274,8,266,66,190,191,58,1024,128,38,33,355,153,160,353
"71416",116.309,-32.49583,1,157,126,48,4655,310,49,261,102,218,218,102,949,188,12,77,508,53,53,508
"71417",116.2584,-32.54278,1,156,125,48,4613,308,50,258,102,218,218,102,986,197,12,77,529,54,54,529
"71418",116.0736,-34.7875,1,153,91,51,2924,253,77,176,118,189,192,118,1196,210,23,66,570,76,81,570
"71419",116.169,-32.27195,1,162,120,47,4574,310,58,252,107,221,223,107,1091,213,14,79,591,53,57,591
"71420",140.6589,-37.74456,1,136,100,51,3147,246,52,194,96,177,177,96,776,112,22,46,316,83,83,316
"71421",147.45,-35.9167,1,147,131,46,5448,306,23,283,88,216,218,78,793,92,39,25,256,137,143,251
"71422",116.3,-31.4,1,173,131,47,4987,332,59,273,113,218,239,113,608,120,11,77,326,40,45,326
"71423",116.0167,-31.6464,1,184,123,49,4426,331,81,250,133,241,245,133,706,147,6,83,393,33,38,393
"71424",142.363,-37.17426,1,135,121,50,4074,276,35,241,90,187,187,83,640,80,29,32,221,93,93,218
"71425",116.1678,-32.27306,1,162,120,47,4574,310,58,252,107,221,223,107,1091,213,14,79,591,53,57,591
"71426",145.7319,-36.8913,1,124,114,44,4919,273,19,254,62,187,187,62,1038,134,39,35,374,150,150,374
"71427",142.5052,-36.91287,1,142,125,49,4396,288,36,252,86,198,198,86,529,63,27,29,176,84,84,176
"71428",116.3968,-34.58308,1,147,102,51,3306,261,64,197,107,189,191,107,1006,173,23,63,468,72,77,468
"71429",140.6844,-37.35345,1,141,117,52,3550,273,48,225,97,187,187,97,679,99,19,46,275,72,72,275
"71430",117.0765,-33.49878,1,157,127,50,4367,304,53,251,114,212,214,104,459,80,11,60,216,42,42,213
"71431",116.3956,-34.58417,1,148,100,51,3259,261,66,195,109,190,192,109,1033,178,23,62,480,73,78,480
"71432",115.4032,-34.10336,1,161,92,51,3033,263,84,179,134,200,202,126,1018,194,13,76,530,51,58,527
"71433",115.37,-34.16,1,162,89,51,2942,260,87,173,136,200,202,127,1029,196,13,76,536,52,59,532
"71434",116.0748,-34.7864,1,153,91,51,2924,253,77,176,118,189,192,118,1196,210,23,66,570,76,81,570
"71435",116.1993,-34.11419,1,148,115,51,3783,279,55,224,102,197,198,102,865,153,18,67,424,59,63,424
"71436",140.9861,-37.24178,1,139,123,51,3764,278,41,237,91,188,188,91,653,93,21,43,256,77,77,256
"71437",140.913,-37.2565,1,141,121,51,3700,278,45,233,95,190,190,95,630,91,20,44,250,72,72,250
"71438",140.986,-37.242,1,139,123,51,3764,278,41,237,91,188,188,91,653,93,21,43,256,77,77,256
"71439",147.4,-41.8,1,114,110,51,3459,230,18,212,76,158,158,69,570,61,32,16,168,114,114,160
"71440",146.585,-36.218,1,138,120,44,5271,289,19,270,80,205,206,71,814,96,34,29,271,129,136,267
"71441",116.0117,-32.41245,1,165,114,47,4301,304,65,239,114,221,222,114,1154,228,12,79,624,55,58,624
"71442",117.5194,-35.01389,1,158,96,54,2903,254,78,176,122,193,196,122,965,154,26,55,417,80,87,417
"71443",138.6483,-35.00417,1,147,104,48,3868,271,57,214,106,196,196,98,819,123,23,49,332,80,80,328
"71444",138.9866,-34.75097,1,136,121,50,4171,275,35,240,84,189,189,84,753,114,23,52,313,75,75,313
"71445",139.0018,-34.70796,1,137,122,50,4256,276,34,242,83,191,191,83,708,105,23,49,288,74,77,288
"71446",142.3663,-37.4955,1,132,116,50,3821,266,37,229,89,181,181,83,654,79,29,28,217,99,99,208
"71447",142.4136,-37.0891,1,126,121,49,4232,270,26,244,73,181,181,73,818,107,34,38,298,108,108,298
"71448",138.5344,-33.86539,1,156,132,50,4677,306,42,264,97,215,216,97,496,67,18,42,185,59,60,185
"71449",149.0876,-34.70038,1,130,134,47,5209,284,1,283,97,171,197,64,717,75,49,12,209,159,168,183
"71450",149.4393,-34.90371,1,125,128,46,5020,272,-1,273,93,163,188,59,771,80,54,10,218,178,178,197
"71451",145.2727,-38.1358,1,143,94,47,3495,254,58,196,119,188,188,98,832,88,45,20,252,149,149,231
"71452",114.6833,-28.41667,1,193,131,52,4328,332,81,251,153,227,251,141,483,110,4,87,282,24,37,274
"71453",116.4,-31.3,1,175,133,47,5083,336,58,278,114,221,242,114,542,105,11,74,285,39,46,285
"71454",143.8417,-37.6917,1,124,107,48,3936,251,31,220,96,175,175,74,730,81,42,21,231,129,129,205
"71455",116.45,-33.42,1,150,133,50,4400,304,43,261,98,208,208,98,709,140,13,73,366,44,44,366
"71456",142.0661,-37.0891,1,133,124,50,4112,276,31,245,87,186,186,81,645,83,28,35,229,89,89,228
"71457",115.8262,-32.39646,1,184,108,49,3821,307,88,219,148,232,236,139,871,187,8,84,489,40,45,486
"71458",135.7644,-34.57292,1,155,88,51,3033,248,76,172,115,193,193,115,575,101,13,61,270,50,50,270
"71459",116.1162,-32.32711,1,163,117,47,4465,307,61,246,109,221,222,109,1148,220,13,79,620,53,56,620
"71460",115.9068,-32.80907,1,172,119,50,4022,307,72,235,134,225,227,125,949,207,11,83,525,41,46,525
"71461",145.134,-36.014,1,157,129,46,5184,309,33,276,123,223,223,91,458,46,28,16,135,92,92,127
"71462",117.1421,-34.87935,1,155,98,52,3092,260,74,186,118,194,196,118,1007,162,26,57,444,81,87,444
"71463",116.7667,-34.43333,1,150,108,51,3537,272,62,210,107,195,196,107,768,128,20,59,351,61,65,351
"71464",117.5468,-34.81435,1,157,100,53,3130,261,74,187,119,196,198,119,834,128,25,51,346,77,82,346
"71465",140.6216,-37.72663,1,136,99,51,3130,245,53,192,97,177,177,97,788,115,22,47,324,83,83,324
"71466",116.6789,-34.24444,1,150,114,51,3739,279,58,221,105,199,200,105,665,113,17,61,311,53,56,311
"71467",142.3644,-37.1752,1,135,121,50,4074,276,35,241,90,187,187,83,640,80,29,32,221,93,93,218
"71468",146.518,-38.198,1,135,112,51,3605,252,33,219,130,180,180,88,725,73,35,18,213,141,141,182
"71469",145.2425,-37.7252,1,145,106,48,3880,267,50,217,139,195,195,95,796,81,48,17,231,149,149,202
"71470",138.0344,-32.51539,1,147,134,48,5263,299,21,278,88,211,213,79,540,70,23,38,197,73,76,197
"71471",136.7975,-33.59179,1,159,117,50,4180,286,55,231,114,211,211,105,407,47,17,32,137,61,61,137
"71472",145.5334,-36.0554,1,157,128,46,5216,309,34,275,122,224,224,90,498,51,29,16,147,103,103,139
"71473",138.7178,-35.08206,1,143,109,50,3839,269,51,218,94,192,192,94,887,133,26,50,360,85,85,360
"71474",145.5328,-36.0559,1,157,128,46,5216,309,34,275,122,224,224,90,498,51,29,16,147,103,103,139
"71475",142.3219,-37.5933,1,131,113,50,3700,261,39,222,90,179,179,84,670,81,30,28,222,102,102,213
"71476",146.409,-35.0419,1,165,133,45,5649,326,34,292,127,235,238,93,470,49,31,14,136,102,104,122
"71477",146.4092,-35.03708,1,166,133,45,5636,326,34,292,127,235,238,94,468,49,31,14,135,102,103,122
"71478",146.4099,-35.0404,1,166,133,45,5636,326,34,292,127,235,238,94,468,49,31,14,135,102,103,122
"71479",142.3222,-37.5938,1,131,113,50,3700,261,39,222,90,179,179,84,670,81,30,28,222,102,102,213
"71480",116.5,-33.4,1,150,133,51,4414,304,44,260,98,209,209,98,663,131,12,72,340,43,43,340
"71481",116.9032,-34.47935,1,151,107,51,3497,272,64,208,109,196,197,109,767,125,21,58,345,64,67,345
"71482",115.2613,-34.25554,1,166,80,50,2708,253,96,157,142,200,202,134,1035,195,13,74,536,53,60,531
"71483",116.7036,-34.26944,1,151,112,51,3685,278,60,218,106,198,199,106,685,115,18,61,319,54,58,319
"71484",138.6,-35.5,1,154,87,50,3160,246,75,171,113,193,193,113,584,86,19,48,240,63,63,240
"71485",115.7787,-32.61434,1,181,112,50,3787,307,85,222,145,230,233,136,882,196,9,86,503,36,42,493
"71486",146.163,-36.248,1,148,126,45,5278,303,28,275,90,215,216,81,609,66,32,21,188,113,117,183
"71487",143.7669,-36.9806,1,142,124,48,4669,289,32,257,110,202,203,84,526,62,29,24,166,93,98,162
"71488",140.6256,-37.72206,1,136,100,51,3147,246,52,194,96,177,177,96,776,112,22,46,316,83,83,316
"71489",115.3014,-34.24981,1,165,83,50,2811,256,93,163,140,200,203,132,1035,196,13,75,537,53,60,532
"71490",138.7333,-35.1,1,145,108,50,3792,269,55,214,97,194,194,97,819,120,24,49,331,79,79,331
"71491",115.2794,-34.25159,1,166,80,50,2708,253,96,157,142,200,202,134,1035,195,13,74,536,53,60,531
"71492",146.7233,-36.2263,1,131,119,44,5293,282,13,269,73,199,200,64,908,112,34,32,312,136,143,309
"71493",116.6667,-34.98333,1,153,94,52,2983,255,75,180,117,191,193,117,1198,199,26,63,553,83,90,553
"71494",140.9,-36.6,1,146,133,52,4036,293,42,251,95,198,198,95,529,71,19,39,195,65,67,195
"71495",138.95,-34.7,1,138,120,49,4251,277,36,241,84,192,192,84,750,113,23,51,310,74,78,310
"71496",147.6188,-35.51033,1,132,130,45,5533,293,7,286,72,202,204,62,888,107,42,27,293,153,157,291
"71497",145.5667,-36.75,1,145,120,45,4986,295,33,262,82,209,209,82,682,80,30,26,221,116,116,221
"71498",140.85,-37.47,1,139,115,51,3537,270,45,225,94,185,185,94,709,101,20,44,282,78,78,282
"71499",138.9678,-34.76539,1,136,121,50,4171,275,35,240,84,189,189,84,753,114,23,52,313,75,75,313
"71500",146.6092,-34.46527,1,159,129,44,5724,316,27,289,121,233,233,86,519,53,35,14,147,110,110,137
"71501",146.2,-36.55,1,139,125,46,5092,292,23,269,84,204,205,75,743,86,36,25,243,132,137,233
"71502",138.5667,-35.2,1,156,97,48,3612,267,69,198,118,202,202,110,656,98,20,50,270,66,66,266
"71503",141.5411,-38.2872,1,134,85,51,2725,224,60,164,99,167,170,99,830,110,24,39,318,104,109,318
"71504",141.541,-38.2872,1,134,85,51,2725,224,60,164,99,167,170,99,830,110,24,39,318,104,109,318
"71505",138.7344,-35.33206,1,147,101,51,3503,259,61,198,102,191,191,102,736,105,23,47,295,79,79,295
"71506",138.95,-34.83,1,139,120,50,4153,276,39,237,86,192,192,86,753,113,23,52,314,74,74,314
"71507",145.5047,-36.7555,1,144,120,45,4990,294,32,262,90,209,209,81,683,80,30,26,222,116,116,221
"71508",137.2962,-35.73019,1,149,72,47,2802,235,84,151,115,184,186,115,609,100,16,57,274,57,60,274
"71509",142.3588,-36.8291,1,142,128,50,4427,290,34,256,87,199,199,87,503,60,27,29,167,82,82,167
"71510",140.8344,-36.98205,1,144,127,52,3850,286,43,243,95,194,194,95,573,80,17,42,222,69,69,222
"71511",142.3636,-36.8238,1,142,128,50,4427,290,34,256,87,199,199,87,503,60,27,29,167,82,82,167
"71512",142.3605,-36.8277,1,142,128,50,4427,290,34,256,87,199,199,87,503,60,27,29,167,82,82,167
"71513",142.4466,-36.8752,1,140,126,49,4363,287,34,253,85,196,196,85,552,67,28,30,187,87,87,187
"71514",142.501,-36.908,1,142,125,49,4396,288,36,252,86,198,198,86,529,63,27,29,176,84,84,176
"71515",140.9344,-37.21539,1,140,123,51,3728,279,42,237,93,189,189,93,637,92,20,43,251,75,75,251
"71516",142.2133,-37.0869,1,136,124,50,4152,279,34,245,84,190,190,84,614,77,28,33,212,89,89,212
"71517",115.475,-34.325,1,162,87,51,2904,258,88,170,136,199,202,128,1048,193,15,72,530,56,62,530
"71518",142.2775,-36.9361,1,140,127,50,4295,286,34,252,85,195,195,85,546,67,27,31,185,84,84,185
"71519",142.3577,-36.8319,1,142,128,50,4427,290,34,256,87,199,199,87,503,60,27,29,167,82,82,167
"71520",142.4258,-36.8469,1,142,127,50,4405,289,35,254,86,198,198,86,517,62,27,29,173,83,83,173
"71521",138.8,-34.95,1,136,114,49,4012,270,41,229,86,188,188,86,938,147,26,52,394,87,87,394
"71522",141.6694,-36.8738,1,138,131,51,4194,285,32,253,92,192,192,85,544,70,23,36,195,74,74,194
"71523",140.5,-37.6,1,136,102,51,3232,251,51,200,96,179,179,96,826,121,21,48,341,86,86,341
"71524",142.3572,-36.8341,1,141,127,49,4391,289,33,256,85,197,197,85,527,64,27,31,177,83,83,177
"71525",140.6,-37.1,1,145,123,52,3678,282,49,233,98,192,192,98,593,86,17,44,237,64,64,237
"71526",138.7333,-35.34444,1,151,99,51,3435,258,65,193,107,194,194,107,660,93,22,46,263,74,74,263
"71527",140.6178,-37.16539,1,144,122,52,3657,280,48,232,98,192,192,98,603,88,17,45,243,64,64,243
"71528",138.7955,-35.30891,1,151,104,51,3486,263,62,201,106,195,195,106,611,83,22,44,238,72,72,238
"71529",143.7372,-37.8219,1,126,106,48,3857,251,34,217,99,176,176,77,703,77,39,21,221,123,123,197
"71530",151.575,-29.3083,1,154,138,50,4956,285,11,274,214,123,214,87,793,103,37,33,292,130,292,138
"71531",135.9,-34.7,1,164,86,51,2969,254,86,168,126,200,202,126,511,89,11,60,237,45,46,237
"71532",151.25,-29.44167,1,159,145,50,5211,297,8,289,211,126,222,89,738,96,32,34,269,118,266,120
"71533",151.5761,-29.30675,1,154,138,50,4956,285,11,274,214,123,214,87,793,103,37,33,292,130,292,138
"71534",151.575,-29.30833,1,154,138,50,4956,285,11,274,214,123,214,87,793,103,37,33,292,130,292,138
"71535",151.2511,-29.44009,1,159,145,50,5211,297,8,289,211,126,222,89,738,96,32,34,269,118,266,120
"71536",117.4179,-33.33222,1,160,128,50,4474,309,54,255,116,216,219,106,405,69,11,58,186,42,42,184
"71537",151.576,-29.307,1,154,138,50,4956,285,11,274,214,123,214,87,793,103,37,33,292,130,292,138
"71538",116.75,-34.63,1,150,102,51,3322,264,66,198,109,192,194,109,924,153,23,59,420,71,76,420
"71539",140.63,-37.25,1,142,119,52,3591,276,48,228,97,189,189,97,646,94,18,45,261,69,69,261
"71540",147.95,-33.9167,1,160,135,46,5674,319,26,293,122,215,233,87,614,64,40,12,169,147,148,150
"71541",147.95,-33.92,1,160,135,46,5674,319,26,293,122,215,233,87,614,64,40,12,169,147,148,150
"71542",145.5,-36.7667,1,144,120,45,4990,294,32,262,90,209,209,81,683,80,30,26,222,116,116,221
"71543",140.95,-37.22,1,140,123,51,3728,279,42,237,93,189,189,93,637,92,20,43,251,75,75,251
"71544",138.6677,-31.53204,1,169,145,47,5800,329,25,304,102,211,242,93,372,48,19,32,139,66,75,125
"71545",137.5667,-35.78333,1,152,72,47,2816,236,85,151,117,189,189,117,547,90,14,57,247,52,52,247
"71546",115.9667,-32.02167,1,184,113,48,4190,316,85,231,134,238,241,134,821,178,8,85,467,37,39,467
"71547",138.75,-34.83,1,144,114,49,4134,278,46,232,92,196,196,92,755,114,20,50,310,76,76,310
"71548",139.0178,-34.58205,1,135,122,50,4351,276,33,243,80,190,191,80,703,101,24,48,280,76,78,280
"71549",145.9333,-36.6,1,145,127,46,5082,300,29,271,90,210,211,81,721,84,35,25,234,126,127,232
"71550",145.7,-37.1667,1,137,124,48,4631,285,29,256,88,197,197,78,738,84,34,24,237,127,127,230
"71551",142.3667,-37.0167,1,135,124,49,4248,280,31,249,81,189,189,81,646,82,30,34,227,94,94,227
"71552",145.6417,-36.8292,1,135,118,45,4972,285,26,259,73,199,200,73,819,100,34,30,279,131,133,279
"71553",138.7356,-35.34469,1,151,99,51,3435,258,65,193,107,194,194,107,660,93,22,46,263,74,74,263
"71554",135.7606,-34.575,1,155,88,51,3033,248,76,172,115,193,193,115,575,101,13,61,270,50,50,270
"71555",138.17,-32.75,1,164,132,49,5027,310,41,269,108,225,227,99,483,60,20,39,175,62,64,173
"71556",135.762,-34.574,1,155,88,51,3033,248,76,172,115,193,193,115,575,101,13,61,270,50,50,270
"71557",142.7241,-37.0097,1,138,121,48,4323,282,35,247,90,194,194,83,591,70,28,30,200,90,90,195
"71558",116,-32,1,179,113,48,4304,315,80,235,128,234,237,128,881,190,10,85,500,42,45,500
"71559",145.3167,-38.3333,1,145,91,48,3322,250,62,188,121,188,188,102,813,89,41,24,253,139,139,239
"71560",141.1835,-37.0921,1,139,126,51,3871,281,38,243,90,189,189,90,631,85,21,41,238,76,76,238
"71561",141.1802,-37.0904,1,139,126,51,3871,281,38,243,90,189,189,90,631,85,21,41,238,76,76,238
"71562",141.1835,-37.1049,1,139,126,51,3871,281,38,243,90,189,189,90,631,85,21,41,238,76,76,238
"71563",147.8417,-35.9917,1,144,136,47,5401,304,17,287,86,211,214,75,862,103,42,24,279,153,159,272
"71564",147.8,-36.0333,1,120,130,46,5326,278,-1,279,62,187,189,52,1073,133,47,29,366,172,181,359
"71565",116.9167,-32.78306,1,157,131,49,4749,312,47,265,101,220,220,101,513,98,13,68,257,45,45,257
"71566",147.4333,-35.9833,1,139,129,45,5432,297,16,281,80,207,209,70,866,104,39,28,289,142,148,284
"3",121.909721707925,-33.0024361633696,0,166,118,52,3796,289,64,225,126,214,214,117,346,44,18,29,122,59,59,117
"21",119.162922976539,-25.7618533435743,0,219,146,44,6530,383,54,329,295,219,300,133,225,41,3,64,98,13,84,57
"22",152.608463377692,-25.4321871930733,0,213,102,51,3436,301,103,198,250,173,252,165,1138,176,32,50,491,131,469,157
"23",132.200113390572,-19.3238261109218,0,258,148,51,4814,386,96,290,300,189,309,189,430,107,3,99,266,15,195,15
"26",148.638304574415,-9.13525429321453,0,264,81,78,705,317,214,103,272,254,272,253,2480,299,91,34,846,330,846,344
"28",110.364746972919,0.106131205102429,0,270,88,89,352,321,223,98,268,270,274,264,3009,324,155,21,904,510,708,829
"30",145.837118858472,-28.6729037028272,0,204,142,46,5965,354,48,306,270,139,278,124,361,51,14,36,141,57,126,61
"34",118.036562828347,-34.0464393503498,0,156,118,51,3875,286,59,227,118,206,206,108,374,54,13,44,151,46,46,146
"38",132.425804054365,-22.3476509517059,0,221,149,48,5638,361,55,306,277,163,286,143,332,55,9,57,152,33,149,37
"42",129.530656239949,-24.2520178214181,0,229,151,47,5975,378,60,318,291,166,298,147,271,40,9,50,118,28,109,33
"45",120.973143535666,-30.9343921754044,0,180,134,47,5211,331,51,280,120,177,246,112,272,39,15,30,96,47,65,88
"54",143.572098175064,-20.2086976438295,0,241,152,54,4396,367,89,278,288,195,289,178,567,164,4,104,370,17,280,25
"57",120.13904791791,13.7084825558122,0,275,78,68,806,337,223,114,271,270,286,265,2224,537,2,94,1289,23,185,61
"62",156.724262791686,-6.90869754063897,0,258,63,85,408,298,224,74,262,260,262,252,3601,404,226,15,1093,779,855,885
"64",138.719739746302,-21.7013750632759,0,244,159,50,5482,387,73,314,299,168,307,168,315,71,5,82,182,22,172,22
"65",150.744372201152,-23.0872863321565,0,221,90,46,3551,301,108,193,258,179,260,170,1219,209,22,63,587,100,546,132
"66",130.810763528571,-23.5058631107677,0,220,155,48,5919,367,47,320,280,158,288,139,321,50,11,50,139,34,131,40
"69",144.009597590193,-5.61470612767152,0,177,114,91,399,238,113,125,181,171,181,171,2663,331,119,32,926,393,926,393
"70",101.30656926427,14.1809927194845,0,277,98,57,1569,355,185,170,281,257,294,253,1804,359,6,80,942,41,361,52
"77",145.08395709563,-26.5155668777879,0,210,145,46,6050,357,46,311,275,145,283,128,411,63,14,47,177,52,156,55
"78",125.322482022457,-22.8056621307041,0,252,151,48,5790,396,86,310,311,228,317,172,216,47,3,74,116,11,115,21
"79",136.018214272335,-19.8165764298756,0,254,148,51,4930,385,95,290,308,184,308,184,351,89,2,99,225,12,225,12
"82",134.127884958871,-20.0313941820059,0,252,133,49,4888,375,105,270,305,183,305,183,385,100,3,96,241,13,241,13
"84",119.813812738284,-0.984664619900286,0,229,79,79,450,282,182,100,230,230,233,224,1686,170,114,12,494,371,389,424
"88",113.701257156208,-24.0002289530821,0,232,117,48,4309,354,112,242,187,243,287,176,228,49,1,78,124,7,69,97
"96",119.830139526166,-31.531741094077,0,173,138,48,5284,331,46,285,115,198,240,105,302,46,15,37,119,49,54,114
"99",128.650664114393,-23.4288347396068,0,241,149,47,5856,385,74,311,301,179,307,160,253,42,6,58,117,21,116,28
"101",120.9730557492,-21.7639949964359,0,255,154,50,5433,398,92,306,310,230,316,180,302,81,3,90,180,10,174,33
"104",140.469046193175,-30.6741641392,0,197,139,46,5913,350,48,302,265,120,271,120,191,28,10,34,72,32,70,32
"106",125.852384264581,-23.3166717772838,0,247,150,47,5902,394,81,313,314,222,314,166,207,41,3,66,103,14,103,25
"113",136.884976583533,-22.7113446418662,0,230,163,50,5859,382,56,326,290,169,299,150,275,59,6,69,140,29,135,32
"114",130.204758844338,-27.6562807068694,0,198,159,49,5667,359,38,321,266,137,266,122,211,27,9,29,74,32,74,35
"116",145.017183851451,-32.9607125348412,0,179,137,46,5703,334,39,295,180,118,251,105,346,38,23,20,101,77,83,80
"117",141.014745780267,-5.44064924004488,0,256,82,84,483,308,211,97,249,260,261,249,6142,624,338,15,1793,1240,1282,1793
"119",125.310069387779,8.80108495010063,0,228,88,82,565,282,175,107,221,231,234,219,2870,304,157,15,843,589,622,839
"123",104.734419113956,11.5105660806876,0,276,82,63,1032,342,213,129,276,263,288,261,1320,256,4,72,648,32,273,133
"124",138.683861652389,-8.1831220339518,0,264,82,73,908,320,208,112,271,251,273,251,1839,294,39,61,834,147,638,178
"132",110.961342356168,-2.76718389242887,0,269,82,85,356,321,225,96,269,272,272,263,2917,311,149,19,845,551,578,787
"135",133.451003907248,-24.6630621398799,0,215,159,48,6144,373,42,331,279,152,288,132,228,33,9,38,86,30,86,34
"144",146.424171039835,-42.3257387964986,0,84,96,49,3287,193,0,193,47,125,126,41,1187,123,55,22,359,192,218,343
"153",137.956932648085,-20.1810858573299,0,252,158,52,5047,385,83,302,299,180,307,180,369,91,2,97,231,13,225,13
"155",144.876859099604,-21.2611556623597,0,236,142,52,4498,359,90,269,285,188,285,172,528,120,7,80,293,31,293,39
"163",141.714056846686,-4.32118939235806,0,262,79,89,255,308,220,88,262,258,264,258,3396,387,186,23,1117,605,966,605
"165",136.972005213611,-3.17586950259283,0,261,84,86,544,310,213,97,264,263,265,252,3488,357,235,11,964,744,789,910
"167",146.745981443673,-6.64514895528555,0,265,94,82,663,325,211,114,256,264,272,256,2075,210,130,14,580,446,542,560
"168",102.268970934674,5.87472516577691,0,262,79,78,743,316,215,101,256,261,270,251,2905,570,93,58,1344,312,423,927
"171",134.206436760724,-18.862330209231,0,260,140,51,4557,381,110,271,307,194,309,194,442,115,1,104,283,12,204,12
"176",133.695276943035,-29.5189062110148,0,201,151,50,5317,356,56,300,266,143,266,130,167,19,9,23,52,33,52,35
"177",134.364655115642,-23.6284929083195,0,204,161,48,6077,364,32,332,267,142,276,122,300,43,9,44,123,38,121,45
"178",100.354354595765,6.55405458528548,0,270,91,73,615,333,210,123,266,267,278,262,1871,269,40,46,754,186,456,417
"179",145.224096789025,-19.9204216443468,0,222,132,54,3912,334,90,244,265,180,265,166,658,157,8,90,386,33,386,40
"180",144.773585293442,-14.8344232758973,0,253,90,60,1948,323,175,148,271,230,274,225,1338,328,9,103,878,32,517,48
"188",148.577599520795,-25.5713812052272,0,192,154,51,5315,330,29,301,254,134,254,118,659,101,20,48,285,84,285,93
"193",153.597375988029,-28.8569716503844,0,197,89,48,3302,278,96,182,225,194,236,151,1829,224,64,32,633,276,618,404
"195",122.934612911195,-29.9996846192516,0,190,139,47,5405,343,49,294,155,191,257,118,214,25,11,24,68,37,54,58
"197",147.592393695377,-37.5689056282863,0,124,118,51,3872,246,18,228,140,173,173,73,839,97,50,16,255,187,187,190
"198",105.941660925746,10.8474426693283,0,277,82,64,829,340,212,128,276,271,286,265,1509,267,6,68,656,43,266,67
"207",137.703110054135,-27.2605260182172,0,223,152,46,6306,386,59,327,294,157,301,139,142,23,5,45,61,20,53,24
"210",140.35886741709,-34.828732671449,0,161,145,53,4592,314,41,273,111,218,220,102,299,35,16,25,97,51,53,93
"214",142.042171307839,-13.1687827780843,0,265,102,62,1619,343,181,162,276,246,283,241,1651,426,3,116,1181,9,728,10
"217",125.902907820418,-29.7311697236728,0,191,146,50,5039,339,47,292,159,192,252,123,180,20,10,21,53,34,51,45
"219",139.089651042596,-7.23873164388351,0,265,84,76,848,321,211,110,271,253,273,252,2502,327,102,37,901,347,771,371
"221",126.633555442095,-6.63479070644826,0,272,73,73,654,322,222,100,271,264,279,262,1284,190,20,51,515,87,305,177
"223",136.377323726192,-33.3533800102305,0,161,126,51,4343,297,50,247,104,214,215,104,397,49,16,36,144,55,57,144
"230",106.980877011083,13.8724699208979,0,254,99,56,1588,339,165,174,255,234,273,231,2492,558,2,100,1535,20,327,63
"232",138.07283506263,-3.54078700300306,0,190,102,87,532,250,133,117,194,182,194,181,2960,315,211,13,883,646,805,652
"238",146.603331691585,-28.5232046421152,0,205,143,46,5952,353,48,305,270,140,278,125,400,55,17,33,150,64,138,69
"242",145.176559719257,-31.8289243103936,0,187,134,45,5838,340,45,295,256,124,261,110,336,41,18,23,105,68,90,72
"244",140.28303776402,-20.9122567507438,0,247,144,50,4904,376,92,284,292,177,300,177,471,121,4,99,303,18,287,18
"250",145.120578343049,-41.340750035597,0,103,77,50,2614,191,37,154,70,138,138,70,1806,226,70,32,619,262,262,619
"255",142.960341228172,-36.6908577247523,0,145,125,48,4646,292,35,257,113,205,205,86,475,54,25,27,151,80,80,148
"257",121.126643004827,-21.3089605374262,0,261,153,51,5143,397,101,296,313,237,318,189,312,86,3,94,193,9,184,31
"259",119.747877167538,-28.8280191284139,0,202,136,44,6049,362,57,305,132,198,278,123,235,31,10,33,83,32,59,73
"265",123.516985336319,8.52552389493212,0,272,92,86,453,328,222,106,270,271,277,265,2455,373,100,39,950,313,510,602
"266",139.318724293262,-25.6831501692068,0,228,149,46,6168,384,64,320,296,162,303,145,183,33,4,51,83,26,76,31
"269",122.512626219541,-28.0077669711318,0,203,142,45,6061,363,48,315,245,207,277,122,216,33,8,37,75,28,66,55
"273",114.69931576401,-1.98704752838239,0,266,80,86,298,314,222,92,262,267,268,261,2519,297,100,33,844,356,386,840
"275",153.197581656277,-28.1690530700143,0,175,102,51,3523,265,68,197,214,133,216,126,1655,232,46,43,657,193,628,246
"276",118.264959142543,-23.3311197906733,0,250,144,46,5893,397,89,308,315,255,320,170,297,58,4,71,152,15,145,47
"277",124.346848973073,-24.4150393956807,0,239,151,46,6162,394,70,324,304,210,310,155,184,35,3,58,84,13,83,28
"279",146.333481767215,-42.256610308541,0,73,92,49,3213,180,-6,186,36,113,114,31,1391,143,62,22,425,225,253,404
"285",138.16984012723,-29.455466469517,0,208,152,46,6197,373,47,326,279,127,286,127,166,24,9,35,64,30,61,30
"287",139.091825643554,-4.47686963365413,0,168,107,86,540,231,108,123,173,166,173,160,2891,284,201,10,827,652,794,667
"290",114.437736389227,-1.14324585068971,0,262,78,88,285,308,220,88,263,262,265,258,3233,344,167,24,990,548,615,930
"292",125.798369268887,-25.873586878879,0,223,149,45,6318,383,55,328,297,191,297,137,177,23,4,35,62,23,62,42
"293",143.684809305705,-19.8277452401817,0,224,150,55,4226,348,76,272,268,178,269,163,656,180,5,104,427,22,320,27
"304",142.851771051064,-25.909604296321,0,227,145,46,6158,376,62,314,292,160,300,143,272,44,8,53,127,30,104,38
"305",127.950318846852,-1.54673008946702,0,236,66,78,522,282,198,84,240,236,241,228,1789,195,71,23,550,297,470,392
"306",141.90990941599,-26.401749785291,0,227,144,45,6245,379,64,315,294,159,302,142,218,37,6,52,102,28,91,34
"309",117.481650914997,-31.7922799522057,0,175,139,49,5185,334,51,283,122,225,242,111,341,62,10,58,161,36,42,156
"310",151.442501083948,-5.6883338605985,0,262,76,77,661,311,213,98,253,266,267,252,5613,1076,193,64,2799,614,627,2659
"311",143.666877858341,-7.07416696241125,0,243,96,81,825,306,188,118,246,251,252,231,4990,455,330,9,1333,1083,1162,1292
"313",120.685860370286,-23.6920346226543,0,238,150,46,6139,391,70,321,304,208,310,154,255,60,4,70,131,18,125,40
"316",123.515795678832,0.792155796661973,0,251,87,84,256,305,202,103,251,251,253,248,1798,185,94,20,530,320,481,489
"324",139.134473353624,-31.1763508652803,0,189,145,47,5835,346,41,305,257,113,262,113,218,30,13,31,82,39,71,39
"328",145.769048961811,-17.1964432694949,0,214,94,56,2599,291,124,167,240,200,243,176,2636,511,62,74,1426,188,1130,251
"329",121.503672981635,14.9778997106478,0,257,80,67,1136,319,201,118,257,253,270,240,3283,402,117,38,1156,382,666,635
"331",123.54178247042,-23.6662369174883,0,245,152,47,6052,398,77,321,308,218,315,162,203,46,3,74,106,11,101,25
"334",125.155761903152,-28.9754812186584,0,198,147,47,5491,353,46,307,237,137,264,124,179,20,9,25,55,33,51,42
"336",133.870801161975,-20.3924232756253,0,252,135,48,5023,379,101,278,307,182,307,182,365,98,4,97,226,14,226,14
"339",131.995895472355,4.65358883491717,0,273,73,87,301,315,232,83,273,275,275,269,2890,294,198,13,806,611,742,747
"342",142.270525293425,-11.3802981702611,0,264,74,65,1176,321,208,113,271,249,277,247,1726,429,4,112,1184,16,705,26
"354",130.547658228315,-29.6474184247199,0,190,161,53,4819,344,45,299,247,136,247,124,169,19,9,22,53,31,53,34
"358",130.624169902876,-26.6222257737536,0,200,159,48,5985,362,32,330,265,136,272,119,258,35,10,33,95,37,91,39
"361",132.153548998758,-14.267308319686,0,272,142,57,2978,381,135,246,287,228,305,228,1089,261,0,108,705,3,316,3
"365",114.429389103316,-27.9637837165501,0,195,130,51,4348,333,82,251,154,228,254,142,458,103,4,84,264,24,38,254
"369",132.043889565393,-27.8248030180112,0,200,158,49,5711,359,41,318,269,139,269,123,201,32,8,36,75,30,75,31
"372",125.547758690082,-21.5746077080257,0,261,152,50,5374,396,97,299,312,240,318,185,254,61,2,90,154,10,151,16
"373",100.307677998208,-0.656514910515398,0,270,92,88,263,322,218,104,267,268,273,267,3651,434,205,26,1261,661,914,739
"375",137.940293271095,-30.2926922461484,0,199,145,46,6012,358,46,312,269,120,274,120,179,22,11,26,62,36,57,36
"376",139.628802812658,-30.2946116449311,0,200,142,46,6017,353,46,307,269,121,275,121,196,30,9,39,79,29,77,29
"380",121.667296350934,-23.5360925027635,0,244,152,47,6079,396,76,320,307,215,314,160,234,58,3,77,126,13,118,31
"382",112.700516898185,-0.392291757743806,0,260,85,91,284,308,215,93,256,261,262,255,3150,337,174,22,961,539,738,950
"385",139.196161227301,-28.7079616857227,0,213,147,46,6228,371,54,317,284,131,291,131,161,28,8,42,63,28,62,28
"395",142.388058938086,-8.05939340265468,0,264,82,74,893,323,213,110,270,250,272,250,2175,312,61,46,871,258,659,258
"396",117.416689656675,-35.0475500349421,0,154,95,53,2929,251,75,176,119,190,193,119,1008,162,27,55,439,84,92,439
"397",146.64826168213,-23.4344238135964,0,219,149,51,4957,351,61,290,275,165,275,149,600,105,14,60,292,60,292,68
"401",115.34485027194,-33.8650034309831,0,158,101,52,3247,271,77,194,128,201,202,120,974,193,13,78,519,46,53,517
"405",134.579512141645,-20.1213403837755,0,249,135,49,4925,375,100,275,303,180,303,180,380,100,3,99,240,12,240,12
"424",146.630165153183,-34.4688403827604,0,160,130,44,5724,317,28,289,122,234,234,87,514,53,34,14,146,109,109,134
"431",134.55397950951,-25.1631838933099,0,216,158,48,6188,375,46,329,290,153,290,133,177,26,5,43,66,24,66,32
"432",133.011564626358,-31.0558087413665,0,181,143,53,4321,318,53,265,131,232,234,123,228,28,10,28,79,37,42,73
"436",119.340388569981,-24.6224019769579,0,225,151,45,6451,386,54,332,298,229,303,139,242,49,3,62,115,16,104,49
"437",120.996073489077,-26.2717305286787,0,218,149,45,6411,382,53,329,291,181,297,133,237,39,5,50,99,21,88,50
"444",125.75480714906,-26.371811798308,0,218,149,45,6283,379,52,327,292,186,292,133,174,22,4,33,58,25,58,43
"452",147.024741107598,-36.8317012814805,0,108,119,46,4862,256,-2,258,54,170,170,46,1302,161,54,31,447,195,212,442
"455",143.550299946219,-33.6326787224971,0,176,141,47,5499,333,38,295,143,216,246,104,315,32,22,14,85,75,75,76
"458",151.015419033356,-31.8412475567311,0,148,134,49,4860,282,13,269,208,93,208,84,832,111,48,25,283,166,283,175
"470",129.52976372093,-19.3002641352359,0,255,155,52,4882,385,87,298,304,184,306,184,431,105,4,96,264,19,195,19
"471",127.694262894802,-0.0704427529126406,0,266,70,84,265,310,227,83,265,267,268,263,1804,228,84,28,622,296,538,514
"477",112.819409542717,1.52728327549994,0,246,86,89,250,295,199,96,242,245,248,242,3502,394,169,22,1110,606,786,1110
"479",115.727627621964,-30.517603114713,0,180,129,49,4695,328,69,259,123,221,242,123,551,117,10,79,299,37,42,299
"490",126.621309258044,-15.9614378761034,0,261,121,55,2997,357,140,217,280,216,291,216,1058,263,2,109,712,16,272,16
"491",141.556299147196,-7.08979872637428,0,266,87,79,711,324,214,110,270,255,272,255,3016,396,130,36,1069,433,937,455
"496",145.193493007682,-20.1894132304005,0,223,134,53,4047,338,88,250,267,179,267,165,664,156,9,88,387,36,387,43
"503",103.167997426353,2.82634952454828,0,264,91,85,547,321,215,106,256,265,270,256,2568,452,124,44,1084,379,470,1084
"513",129.432547320612,-18.1388336571399,0,261,149,53,4405,382,103,279,296,197,307,197,467,120,3,106,310,12,207,12
"515",112.361914776266,2.54789860337041,0,267,87,88,384,319,221,98,261,271,271,261,3576,453,182,27,1248,624,675,1248
"518",134.849614836276,-15.5496843031142,0,270,138,55,3505,381,133,248,294,218,308,218,785,204,0,114,552,4,354,4
"524",139.398212884553,-27.1849916141946,0,221,147,46,6258,378,59,319,290,154,298,137,167,35,5,55,73,25,69,29
"526",137.922693272121,-27.2631131287199,0,223,152,46,6283,385,59,326,293,157,301,139,146,25,5,45,64,20,55,24
"527",120.9274951322,-33.6757246381603,0,166,113,55,3387,278,73,205,123,208,208,123,546,70,21,39,202,74,75,202
"529",132.450139401481,-24.7300470946357,0,209,161,48,6205,367,33,334,274,145,283,125,276,40,11,36,101,36,100,42
"530",123.581314794719,-16.2300630833488,0,280,86,59,1968,339,194,145,293,256,298,249,772,251,0,131,611,2,321,22
"538",138.615594124421,-2.03136538038962,0,264,87,93,233,310,217,93,264,263,265,260,2794,292,205,12,788,624,785,659
"550",147.83539283555,-23.0386436695699,0,220,141,51,4592,342,70,272,271,170,271,154,646,114,15,61,311,61,311,68
"551",145.701120607555,-31.544530558167,0,187,129,44,5847,338,47,291,255,124,261,110,382,43,22,20,121,79,109,80
"553",130.802791458555,-13.4881773067173,0,272,125,59,2209,364,153,211,283,238,295,238,1319,317,1,106,852,6,373,6
"561",130.393241890706,-28.8941424142104,0,193,161,51,5168,351,41,310,254,136,254,123,182,21,9,25,62,31,62,34
"562",157.39900809247,-7.31363789644092,0,268,65,86,365,307,232,75,271,267,271,262,3456,400,223,21,1145,715,910,779
"569",122.015023403801,-24.6953391912393,0,232,151,46,6284,390,63,327,299,200,306,146,224,49,4,66,109,15,101,35
"576",144.510949854739,-27.2923831467051,0,212,144,46,6148,363,50,313,279,146,287,129,352,55,13,47,156,47,140,51
"580",144.253649679013,-28.561211907072,0,210,144,46,6136,364,51,313,278,144,286,128,305,46,11,39,123,48,106,54
"582",140.021831523627,-28.1032516085543,0,217,143,45,6270,372,59,313,296,151,296,134,178,29,7,45,66,32,66,34
"585",142.309589292854,-23.9942623919342,0,233,149,48,5783,377,68,309,292,170,300,153,284,62,7,69,143,27,142,29
"589",129.959834464826,-22.8284765628632,0,237,153,48,5755,379,66,313,295,177,303,158,294,54,7,62,141,24,138,29
"590",125.22925185971,-8.70533442124724,0,255,72,68,813,304,199,105,260,243,264,243,1350,238,13,70,670,62,574,62
"603",124.250958575867,-26.9957219320349,0,214,149,45,6175,375,49,326,256,181,288,131,177,26,7,35,60,25,57,40
"612",117.276422362775,-29.9873479187954,0,190,143,47,5681,354,55,299,129,214,262,118,310,57,11,55,142,37,45,134
"619",116.113936714828,-24.7732137946878,0,242,155,47,6075,410,85,325,316,235,317,162,213,39,2,68,87,10,73,68
"621",142.677823817357,-34.3915896932594,0,169,139,48,5165,325,38,287,138,206,235,103,323,33,22,14,96,69,71,85
"625",132.939351680689,-29.5382603164762,0,198,153,51,5106,351,53,298,259,141,259,129,175,20,9,23,56,35,56,36
"639",146.989128636196,-23.7699369969778,0,213,151,51,5016,347,55,292,270,159,270,143,613,110,14,61,301,58,301,67
"644",152.573614693247,-25.3581587120425,0,214,102,51,3420,302,104,198,251,174,253,166,1116,173,31,50,484,125,464,149
"645",120.128076090477,-32.71489230101,0,164,131,51,4411,307,54,253,108,207,221,108,390,47,16,34,139,59,63,139
"648",119.98465071898,-20.3883583762217,0,269,145,55,4318,387,124,263,313,246,315,207,368,105,2,106,250,11,218,36
"649",120.2044811612,-28.7541653087828,0,201,135,44,6126,361,55,306,162,199,279,121,230,30,10,32,78,31,61,68
"651",152.544715553522,-31.5252855990548,0,175,111,51,3821,273,56,217,219,130,220,123,1342,178,49,38,516,160,459,221
"653",129.089925503358,-21.9822225579992,0,250,154,50,5576,388,81,307,311,193,311,172,284,59,5,74,150,17,150,24
"656",140.581538346596,-27.5973413453903,0,220,143,45,6271,374,61,313,290,187,298,136,173,29,6,43,72,28,67,33
"657",146.749809500761,-8.99428694043308,0,264,87,78,745,321,210,111,270,253,271,252,1534,262,32,66,773,126,691,154
"660",138.33742893301,-32.7605264168233,0,161,135,49,5108,311,36,275,104,223,225,95,367,42,18,30,122,56,58,118
"661",126.82226464618,-32.1780412120279,0,169,116,54,3417,273,59,214,132,210,211,123,311,44,14,35,120,50,56,105
"670",132.512242738158,-31.7795886471868,0,177,133,55,3747,298,60,238,134,221,221,126,286,40,7,43,112,34,36,110
"671",144.325567218475,-22.7858499344438,0,236,151,51,5155,371,75,296,286,180,294,163,439,94,7,75,234,33,230,40
"682",127.897453946061,-14.5667288999539,0,280,114,57,2569,368,171,197,295,254,306,241,989,264,0,114,687,10,231,11
"684",143.147966805845,-22.9804982070345,0,233,153,50,5420,374,69,305,287,175,295,157,414,92,7,78,229,29,216,33
"689",133.16766793374,-14.9656122690067,0,272,143,56,3316,384,131,253,292,223,307,223,808,210,1,113,549,10,208,10
"694",125.484842504375,-21.844252779847,0,256,152,50,5501,393,92,301,309,235,316,179,251,59,3,89,147,11,145,19
"695",116.601023650728,4.45769296144135,0,251,72,92,215,291,213,78,253,248,253,248,2744,308,165,17,831,547,831,552
"699",128.81704736501,-23.3848043577746,0,240,149,47,5838,385,73,312,300,179,307,160,258,43,7,59,119,22,118,28
"702",100.296969236806,1.12937082769349,0,266,101,91,259,322,212,110,263,265,269,263,3140,349,142,25,1008,515,785,1002
"703",121.328201233409,-31.331106449943,0,174,132,48,5005,323,49,274,117,171,237,108,286,38,17,25,98,53,68,89
"710",117.42104165256,-28.2210175832734,0,212,146,46,6136,379,64,315,144,205,289,132,217,34,8,41,88,29,53,79
"717",135.496570034884,-29.8159613634925,0,199,148,47,5764,361,52,309,271,199,271,123,153,17,9,20,46,34,46,36
"720",137.882939386182,-23.1035653920844,0,234,159,49,5914,386,62,324,295,171,303,153,240,49,5,64,123,25,115,29
"730",144.817007756792,-18.6424283741508,0,227,132,56,3440,332,99,233,257,190,264,178,744,183,4,101,480,18,345,22
"731",136.673970539123,-12.6197635359131,0,269,86,59,1773,336,192,144,283,246,289,243,1350,269,2,97,798,16,496,33
"733",117.491044164635,-26.4778981753625,0,223,141,44,6353,387,70,317,150,217,302,140,201,34,4,57,81,17,60,68
"745",102.69018358551,4.88280995516106,0,239,84,81,666,295,192,103,235,239,246,229,2991,507,140,44,1237,452,543,920
"747",118.284525326453,-27.7917241072282,0,214,140,44,6221,378,66,312,144,210,292,133,224,31,8,44,85,25,60,72
"754",118.294952595606,-8.73530656564981,0,248,104,78,683,309,176,133,251,239,253,237,1395,247,12,74,699,66,566,88
"755",151.612576814368,-25.6319227267522,0,205,138,52,4320,322,61,261,255,156,255,145,770,114,29,46,325,106,325,109
"757",105.56249092333,-5.21911924472079,0,266,91,87,298,319,215,104,263,264,268,263,2071,312,75,48,862,234,589,862
"762",119.739193348214,-32.0393631176557,0,167,138,49,5043,323,45,278,112,217,231,102,345,49,16,38,133,52,58,131
"764",149.526631929912,-26.756001120666,0,198,148,50,5398,336,40,296,262,139,262,124,605,84,26,36,231,95,231,100
"765",142.15633157175,-32.9758482973557,0,180,137,47,5385,334,44,290,180,110,248,110,276,28,18,12,77,61,68,61
"766",129.973034174182,-21.8870743038133,0,241,155,49,5562,381,70,311,303,184,303,164,325,67,6,71,169,22,169,27
"768",145.036572702229,-5.33506741514429,0,264,92,91,255,314,213,101,266,260,266,260,4341,525,198,34,1541,633,1336,633
"769",123.139882255346,-22.1084922924638,0,262,152,49,5553,403,98,305,317,239,324,185,237,65,2,96,148,7,135,18
"770",126.312522795051,-3.69319229386747,0,267,68,75,578,315,225,90,263,270,273,258,2424,513,89,66,1210,292,344,901
"774",115.717827333137,-33.7121285777539,0,156,121,52,3834,292,60,232,111,206,208,111,951,184,15,77,501,46,54,501
"775",127.505580540746,-27.4547753890511,0,210,152,47,5889,370,49,321,280,146,280,130,170,21,6,25,55,28,55,38
"777",123.065968565643,-27.3026118334383,0,211,147,45,6169,372,49,323,253,177,286,128,195,33,8,39,71,26,64,45
"781",129.081590580754,-25.4895118030254,0,211,148,46,6060,366,47,319,276,146,282,128,274,36,11,39,105,36,101,41
"782",135.960247097537,-22.3220386984758,0,230,160,49,5770,379,58,321,297,170,297,151,288,62,6,70,150,24,150,27
"787",125.27384640649,-23.6508634756319,0,246,150,47,6006,395,78,317,314,219,314,163,197,39,3,64,96,13,96,26
"788",145.604267325252,-24.7169117582962,0,216,155,50,5470,357,51,306,272,156,279,140,503,85,14,53,221,56,215,61
"789",122.972091585398,-16.8279527092818,0,274,101,57,2462,342,166,176,294,263,297,236,671,211,1,127,520,4,270,27
"791",123.665374107659,-21.2738949118648,0,261,151,51,5194,394,100,294,311,240,317,188,286,78,2,102,186,8,174,17
"794",121.146883596666,-22.3512339999434,0,254,153,49,5727,399,87,312,312,228,319,174,268,71,3,86,155,11,147,31
"803",136.230412824079,-15.9892422426492,0,271,118,53,3393,369,148,221,297,221,307,221,853,220,0,116,616,4,346,4
"809",104.148755380884,-5.47165869851597,0,269,91,89,287,320,218,102,270,268,272,266,3048,416,161,28,1079,542,659,565
"810",146.564073916525,-34.2333902930841,0,168,132,45,5710,324,33,291,130,241,241,94,464,48,31,13,128,103,103,116
"814",139.982773908414,-28.7077840731945,0,214,143,45,6235,369,57,312,292,148,292,131,173,28,8,40,65,31,65,33
"821",137.402587491088,-23.6438619613182,0,233,160,49,5994,387,61,326,295,206,304,151,219,44,4,60,107,24,101,30
"823",135.968516906723,-3.93619374604896,0,181,88,80,859,240,131,109,168,185,189,168,3357,329,222,13,975,705,820,942
"826",142.048889026046,-4.27052653860301,0,269,84,90,229,317,224,93,269,266,271,266,3131,365,168,24,1034,543,898,543
"833",135.622395141982,-1.68316758121364,0,265,75,90,284,307,224,83,266,266,267,261,2706,273,193,11,776,587,708,647
"835",142.941613709554,-7.52270279452205,0,263,87,75,880,325,210,115,268,250,271,250,3424,403,165,26,1139,592,876,592
"838",147.929895161651,-23.6866555176675,0,221,145,51,4779,349,69,280,275,168,275,153,712,130,16,62,352,68,352,78
"842",112.9121492384,-8.13100834493525,0,172,88,77,720,222,108,114,177,161,178,161,2596,397,45,59,1117,178,1093,178
"848",135.748119456694,-20.9617444803007,0,243,150,49,5317,380,79,301,303,187,303,169,324,82,5,89,194,16,194,17
"850",147.750405799598,-23.2302206195891,0,220,143,51,4669,345,69,276,272,169,272,154,679,124,14,63,335,62,335,72
"854",116.973348166794,-26.1692048015539,0,226,145,45,6330,393,72,321,154,219,305,143,190,34,5,58,77,17,58,69
"859",135.374223166145,-30.9836701024324,0,190,148,49,5380,349,50,299,127,228,257,119,177,20,11,16,51,38,40,47
"863",103.198267370462,-3.25497643672861,0,267,94,89,261,319,214,105,265,265,270,264,2828,361,127,33,972,394,779,952
"866",139.828315759078,-30.7374241645448,0,199,142,46,5889,353,49,304,267,122,273,122,196,29,9,38,79,29,73,29
"867",143.576854905114,-29.652313151164,0,202,139,44,6166,357,48,309,272,136,279,121,276,37,11,31,96,51,86,56
"872",125.556246973574,-16.6265356226359,0,257,123,55,3088,353,132,221,278,224,289,211,954,256,2,114,669,14,448,17
"874",153.337650145404,-29.5772395317908,0,193,90,48,3430,271,85,186,222,170,232,145,1494,190,50,35,546,201,523,298
"875",141.039830581285,-34.3858255492523,0,170,141,50,4913,326,44,282,139,229,233,107,278,30,16,19,85,55,56,78
"877",115.529293743894,0.152637613937259,0,263,74,92,203,304,224,80,264,262,264,260,3455,369,199,20,1019,630,1019,935
"878",104.149851663969,-1.42847274430096,0,269,85,91,292,317,224,93,265,270,272,265,2320,283,109,28,777,359,560,743
"882",127.023219796829,-22.3036485677585,0,251,150,49,5656,391,87,304,314,229,314,173,245,48,4,73,130,15,130,23
"895",121.066250707954,-25.1294009189587,0,227,151,45,6380,388,58,330,297,193,304,141,242,51,4,60,113,18,103,44
"896",107.756534460932,12.9966526618227,0,253,94,58,1605,336,176,160,257,244,272,231,1791,321,2,82,939,22,306,112
"897",140.222723432817,-27.4615229701158,0,221,143,45,6259,376,62,314,291,155,299,138,171,30,6,43,69,28,67,32
"900",141.672217417508,-20.8786389941815,0,252,155,52,4810,385,89,296,304,201,304,183,441,119,3,103,284,15,284,19
"901",134.032477848232,-20.4922159248963,0,252,136,48,5070,378,100,278,307,181,307,181,365,99,4,97,227,13,227,13
"903",104.400378242135,14.8185900959652,0,269,103,55,1846,354,170,184,274,246,291,242,1446,314,1,91,830,15,232,33
"909",142.757841264829,-5.94796277233399,0,192,107,89,483,253,134,119,196,185,196,185,3236,342,215,13,903,675,884,722
"913",143.666728744283,-36.7741824570112,0,142,125,47,4782,292,29,263,89,202,204,81,531,62,31,24,167,96,96,162
"919",120.994283673353,-27.2214950749185,0,210,145,44,6378,374,49,325,283,211,289,126,222,30,6,43,83,23,73,54
"921",130.163680310361,-30.1120054442436,0,185,159,54,4596,336,44,292,156,134,240,123,174,19,11,18,51,36,46,40
"922",145.044624176808,-31.4290035364684,0,188,134,45,5876,340,44,296,256,124,262,111,342,42,18,24,109,70,94,73
"927",147.227566652,-32.5006895489059,0,176,131,44,5790,329,37,292,245,113,250,101,510,61,30,20,159,105,152,106
"943",121.678405851126,-19.7897941828705,0,269,140,56,3975,374,124,250,309,249,311,212,395,112,1,117,282,5,253,25
"945",121.051790975034,-22.8406670992263,0,247,152,48,5937,395,80,315,308,219,315,165,261,67,3,82,145,13,138,34
"946",129.893658082001,-25.7582010270562,0,203,154,47,6062,362,35,327,269,139,275,121,296,39,11,37,114,40,104,44
"947",126.837611114606,-27.9113568447065,0,201,152,47,5813,361,42,319,270,138,270,122,181,22,7,24,56,32,56,43
"952",147.511560772546,-31.5538459992968,0,184,137,45,5792,337,38,299,252,121,257,108,476,56,26,24,154,93,148,94
"955",150.077667576261,-22.4683046434075,0,227,102,51,3424,310,111,199,263,186,265,178,987,184,18,67,498,77,478,103
"961",144.743060916662,-22.1769130544271,0,237,147,51,4893,367,82,285,284,185,291,168,496,107,9,73,260,37,259,45
"971",135.660517127253,-27.8968838753644,0,218,150,46,6181,381,59,322,294,136,294,136,159,27,8,38,62,27,62,27
"972",150.936530851759,-29.2374505114276,0,172,152,50,5419,317,15,302,238,99,238,99,748,93,38,32,272,127,272,127
"974",125.894016311504,-31.3361261377577,0,174,132,53,4124,297,49,248,128,171,224,119,253,35,12,29,86,45,58,76
"980",149.15463000536,-35.1842884207144,0,128,132,46,5220,279,-3,282,123,93,194,60,681,72,44,13,197,147,165,157
"994",143.557959301397,-38.795507933246,0,131,76,48,2881,220,62,158,94,169,169,94,1137,142,48,32,397,162,162,397
"996",137.045608018525,-33.0991678265855,0,169,124,49,4554,300,51,249,118,213,225,109,283,31,16,24,89,51,52,87
"997",136.209669387899,-22.436545023229,0,230,162,50,5796,381,57,324,289,169,298,151,289,63,6,69,147,26,147,29
"999",120.302271749824,-30.0292625383008,0,188,137,45,5798,349,48,301,151,185,262,113,274,39,14,30,95,45,63,88
"2",131.911959429272,-18.308030111948,0,263,152,53,4520,387,101,286,300,198,311,198,506,127,2,101,321,13,234,13
"5",140.841937144287,-35.5724086461123,0,154,140,52,4427,307,41,266,98,210,211,98,388,47,19,30,129,59,62,129
"6",114.314384544268,-25.7632449292578,0,226,135,48,5100,372,95,277,171,242,292,160,196,41,0,77,111,10,43,97
"7",153.451159428805,-11.3320959219709,0,265,62,73,765,313,229,84,272,254,273,254,2043,279,79,41,768,247,745,247
"11",116.158791226335,-24.975616694428,0,239,154,47,6151,409,83,326,170,233,316,159,208,36,2,66,86,10,68,69
"13",131.07410646975,-19.1083078819793,0,258,155,52,4811,387,90,297,299,189,309,189,450,107,3,96,276,16,207,16
"19",141.505891792476,-7.23203386878595,0,266,86,77,775,325,214,111,272,255,273,254,2827,380,109,39,1030,380,901,395
"233",113.95569591783,-23.6115994083229,0,238,128,50,4537,367,111,256,189,252,296,179,230,44,1,78,115,7,83,83
"24",135.116537534632,-18.6744607391302,0,262,144,52,4515,385,109,276,309,198,311,198,441,112,1,106,290,10,213,10
"261",126.833185134456,-3.15186204272322,0,259,66,75,622,307,219,88,254,252,265,250,1486,200,42,39,509,174,416,332
"37",145.208577695303,-31.4530125097372,0,185,132,44,5880,338,43,295,254,122,259,108,361,44,20,22,115,75,100,77
"39",119.88217653241,-22.1733158256393,0,248,153,48,5715,395,82,313,306,221,313,169,309,72,2,81,171,14,162,45
"48",145.106078516692,-21.9145996298175,0,236,144,51,4706,363,85,278,281,185,288,169,497,110,7,75,264,35,261,42
"51",117.592151276767,-25.2922428073362,0,232,148,45,6368,397,71,326,307,229,311,148,204,32,2,57,83,13,70,59
"641",138.539454312995,-27.8006349713542,0,218,150,46,6295,379,56,323,289,152,296,135,156,27,6,44,67,23,57,25
"67",149.807231561281,-25.4307889484335,0,205,148,51,5022,334,48,286,263,149,263,135,677,96,26,45,283,93,283,96
"76",150.592966685072,-29.4591991172638,0,170,155,50,5544,319,9,310,238,96,238,96,721,90,36,29,255,129,255,129
"792",127.647999664769,-14.9863938125782,0,275,117,57,2743,367,162,205,292,234,303,234,979,254,0,112,672,12,238,12
"83",131.637577801012,-27.2860288980883,0,199,159,49,5850,359,35,324,269,120,269,120,225,35,9,36,83,34,83,34
"90",145.771155389957,-37.2703522106167,0,134,122,48,4519,280,28,252,85,192,192,76,888,106,38,27,294,141,141,289
"92",139.656626316719,-29.9692201963626,0,194,142,45,6145,349,40,309,271,114,271,114,207,32,11,35,79,36,79,36
"93",115.639291903935,-34.1833073587622,0,155,99,51,3234,266,74,192,117,197,199,117,1027,187,17,71,516,59,64,516
"97",145.616588694975,-32.6584206882399,0,175,133,45,5764,329,36,293,177,113,248,100,398,44,25,19,114,88,93,92
"98",127.797758150846,-24.7154720011167,0,233,143,45,6042,383,71,312,303,169,303,151,216,31,6,46,89,24,89,31
"103",131.288153105415,-13.3071614312939,0,273,125,59,2205,365,154,211,284,239,297,239,1296,308,2,102,820,10,368,10
"1041",150.353640061803,-34.8185668361839,0,158,108,49,3925,266,47,219,190,113,207,106,1077,125,52,25,341,181,294,234
"1061",137.092921836302,-18.3212528773583,0,252,138,52,4340,368,104,264,289,189,298,189,533,142,1,106,346,11,242,11
"1161",121.032737456262,-26.2762082531117,0,218,149,45,6411,382,53,329,291,181,297,133,236,39,5,50,99,21,88,50
"121",108.371009225957,-6.85270971618593,0,221,97,81,343,280,161,119,220,217,224,216,3137,538,51,67,1509,182,825,232
"125",122.172768237069,-29.0524292434566,0,198,136,45,5796,353,53,300,160,200,269,121,215,27,9,33,73,30,57,59
"127",143.436517580412,-17.9873771918938,0,256,147,58,3273,371,121,250,281,222,292,209,861,248,3,120,613,10,424,12
"129",102.980319755152,12.6704699930269,0,268,90,61,1209,338,192,146,267,254,283,251,1533,265,10,65,677,46,342,127
"131",115.007301419973,-28.9481376821641,0,192,134,51,4615,338,77,261,148,229,253,135,482,110,6,83,275,30,41,268
"133",134.141884427518,-28.0435047880746,0,206,150,47,5910,365,51,314,278,143,278,127,190,31,9,36,70,30,70,32
"137",106.811005924828,12.7242166397627,0,260,97,60,1377,342,181,161,260,244,278,241,2024,357,3,83,1062,28,372,93
"138",146.335729570128,-25.4524239886086,0,203,157,50,5646,346,33,313,262,141,269,125,510,78,17,44,209,67,203,73
"145",112.49769854825,0.975567458663136,0,267,88,89,320,318,220,98,262,268,270,262,3235,387,150,27,1095,513,709,1095
"147",141.405540267006,-6.52772108907811,0,265,88,80,658,323,214,109,269,255,271,255,3808,480,214,26,1263,669,1099,674
"148",105.773806944489,-6.64999386062846,0,268,95,85,316,322,211,111,268,265,271,265,3693,514,146,41,1393,454,925,1329
